Longitude,Latitude,Depth,Year,Month,NH4,Chla,DIC,DO,DOC,NO3,NO2,PO4,POC,Salinity,SiO3,Temp,region
122.374,29.28,4.9,2017,6,0.001,1.1171428571428572,,,98.72727272727273,21.223636363636363,,,,30.172727272727272,,17.481818181818184,东海
122.374,29.28,19.9,2017,6,0.001,1.1171428571428572,,,98.72727272727273,21.223636363636363,,,,30.172727272727272,,17.481818181818184,东海
122.531,29.227,4.2,2017,6,0.03,,,,66.0,56.29,,,,32.95,,23.25,东海
122.531,29.227,39.9,2017,6,0.18,,,,66.0,56.29,,,,32.95,,23.25,东海
122.647,29.194,4.8,2017,6,0.001,,,,60.5,11.545,,,,33.8,,23.3,东海
122.647,29.194,44.8,2017,6,0.001,,,,60.5,11.545,,,,33.8,,23.3,东海
122.904,29.118,1.4,2017,6,0.001,,,,67.5,81.785,,,,34.099999999999994,,24.45,东海
122.904,29.118,53.9,2017,6,0.001,,,,67.5,81.785,,,,34.099999999999994,,24.45,东海
123.153,29.043,3.3,2017,6,0.001,,,,59.5,26.15,,,,33.95,,24.75,东海
123.153,29.043,62.1,2017,6,0.01,,,,59.5,26.15,,,,33.95,,24.75,东海
123.5,29.043,0.9,2017,6,0.001,,,,62.0,31.09,,,,34.05,,25.9,东海
123.5,29.043,71.0,2017,6,0.001,,,,62.0,31.09,,,,34.05,,25.9,东海
124.0,29.043,4.7,2017,6,0.001,1.267883768678683,,,77.5,0.47333333333333333,,,,33.8,,4.243478260869565,东海
124.0,29.043,79.4,2017,6,0.08,1.267883768678683,,,77.5,0.47333333333333333,,,,33.8,,4.243478260869565,东海
124.5,29.043,2.4,2017,6,0.8,,,,61.5,29.08,,,,34.05,,25.7,东海
124.5,29.043,73.8,2017,6,0.001,,,,61.5,29.08,,,,34.05,,25.7,东海
121.121,31.738,2.6,2017,6,0.27,0.926875,,,173.58823529411765,146.26363636363635,,,,0.14117647058823532,,19.405882352941177,黄海
121.205,31.678,0.5,2017,6,0.06,0.9985714285714286,,,172.22222222222223,185.6425,,,,0.13333333333333336,,22.644444444444446,黄海
121.205,31.678,8.9,2017,6,0.46,0.9985714285714286,,,172.22222222222223,185.6425,,,,0.13333333333333336,,22.644444444444446,黄海
121.431,31.506,2.9,2017,6,0.09,0.9076923076923078,,,152.80645161290323,171.2757142857143,,,,0.14193548387096774,,21.138709677419353,黄海
121.431,31.506,8.4,2017,6,0.03,0.9076923076923078,,,152.80645161290323,171.2757142857143,,,,0.14193548387096774,,21.138709677419353,黄海
121.562,31.409,0.9,2017,6,0.18,0.9076923076923078,,,152.80645161290323,171.2757142857143,,,,0.14193548387096774,,21.138709677419353,黄海
121.804,31.227,2.5,2017,6,0.12,0.9949999999999999,,,192.33333333333334,141.20153846153846,,,,0.3047619047619048,,17.50952380952381,黄海
121.923,31.142,2.1,2017,6,0.22,0.53625,,,160.08333333333334,146.57222222222222,,,,4.416666666666667,,18.866666666666667,黄海
122.149,31.019,1.5,2017,6,11.12,0.7136842105263158,,,110.08,67.97631578947369,,,,20.425925925925927,,19.8,黄海
122.229,30.963,2.1,2017,6,0.29,0.7136842105263158,,,110.08,67.97631578947369,,,,20.425925925925927,,19.8,东海
122.398,30.905,2.5,2017,6,0.24,2.4783741119472222,,,112.66666666666667,137.17555555555555,,,,24.446666666666665,,2.542857142857143,东海
122.398,30.905,6.5,2017,6,0.09,2.4783741119472222,,,112.66666666666667,137.17555555555555,,,,24.446666666666665,,2.542857142857143,东海
122.398,30.905,8.8,2017,6,0.54,2.4783741119472222,,,112.66666666666667,137.17555555555555,,,,24.446666666666665,,2.542857142857143,东海
122.5,30.874,3.7,2017,6,0.24,0.63,,,92.28571428571429,42.055294117647065,,,,27.658620689655173,,19.010344827586206,东海
122.5,30.874,8.6,2017,6,0.001,0.63,,,92.28571428571429,42.055294117647065,,,,27.658620689655173,,19.010344827586206,东海
122.5,30.874,15.0,2017,6,0.36,0.63,,,92.28571428571429,42.055294117647065,,,,27.658620689655173,,19.010344827586206,东海
122.637,30.861,0.5,2017,6,0.07,1.3705882352941177,,,86.61290322580645,73.66913043478262,,,,30.648387096774194,,19.258064516129032,东海
122.637,30.861,14.3,2017,6,0.001,1.3705882352941177,,,86.61290322580645,73.66913043478262,,,,30.648387096774194,,19.258064516129032,东海
122.637,30.861,26.0,2017,6,0.22,1.3705882352941177,,,86.61290322580645,73.66913043478262,,,,30.648387096774194,,19.258064516129032,东海
122.837,30.765,0.8,2017,6,0.43,1.3705882352941177,,,86.61290322580645,73.66913043478262,,,,30.648387096774194,,19.258064516129032,东海
122.837,30.765,18.3,2017,6,0.001,1.3705882352941177,,,86.61290322580645,73.66913043478262,,,,30.648387096774194,,19.258064516129032,东海
122.837,30.765,29.0,2017,6,0.29,1.3705882352941177,,,86.61290322580645,73.66913043478262,,,,30.648387096774194,,19.258064516129032,东海
122.998,30.713,5.2,2017,6,0.04,2.3158140797665845,,,77.75,15.098571428571429,,,,32.375,,12.102631578947367,东海
122.998,30.713,22.9,2017,6,0.001,2.3158140797665845,,,77.75,15.098571428571429,,,,32.375,,12.102631578947367,东海
122.998,30.713,44.4,2017,6,1.82,2.3158140797665845,,,77.75,15.098571428571429,,,,32.375,,12.102631578947367,东海
123.25,30.655,3.6,2017,6,0.16,1.73401953930412,,,81.72222222222223,9.713333333333333,,,,32.766666666666666,,16.273913043478263,东海
123.25,30.655,26.9,2017,6,0.001,1.73401953930412,,,81.72222222222223,9.713333333333333,,,,32.766666666666666,,16.273913043478263,东海
123.25,30.655,54.5,2017,6,0.13,1.73401953930412,,,81.72222222222223,9.713333333333333,,,,32.766666666666666,,16.273913043478263,东海
123.506,30.495,3.5,2017,6,0.14,0.7010034305209397,,,76.6,15.427857142857144,,,,33.045,,15.915999999999999,东海
123.506,30.495,26.0,2017,6,0.001,0.7010034305209397,,,76.6,15.427857142857144,,,,33.045,,15.915999999999999,东海
123.506,30.495,51.9,2017,6,0.001,0.7010034305209397,,,76.6,15.427857142857144,,,,33.045,,15.915999999999999,东海
124.009,30.007,4.1,2017,6,0.001,1.0486666666666666,,,96.44444444444444,22.735,,,,32.56666666666667,,10.942857142857143,东海
124.009,30.007,31.4,2017,6,0.001,1.0486666666666666,,,96.44444444444444,22.735,,,,32.56666666666667,,10.942857142857143,东海
124.009,30.007,60.7,2017,6,0.67,1.0486666666666666,,,96.44444444444444,22.735,,,,32.56666666666667,,10.942857142857143,东海
124.506,29.505,3.7,2017,6,0.001,1.3556249999999999,,,76.5,1.67,,,,34.05,,2.9055555555555554,东海
124.506,29.505,75.1,2017,6,0.001,1.3556249999999999,,,76.5,1.67,,,,34.05,,2.9055555555555554,东海
124.94,29.113,4.1,2017,6,0.001,,,,77.0,19.485,,,,33.7,,24.95,东海
124.94,29.113,75.7,2017,6,0.001,,,,77.0,19.485,,,,33.7,,24.95,东海
121.449,31.519,2.8,2017,6,0.2,0.9076923076923078,,,152.80645161290323,171.2757142857143,,,,0.14193548387096774,,21.138709677419353,黄海
121.499,31.503,3.2,2017,6,0.03,0.9076923076923078,,,152.80645161290323,171.2757142857143,,,,0.14193548387096774,,21.138709677419353,黄海
121.634,31.494,2.3,2017,6,0.23,0.65,,,150.6,231.89600000000002,,,,0.78,,25.6,黄海
121.801,31.398,2.9,2017,6,0.04,0.65,,,150.6,231.89600000000002,,,,0.78,,25.6,黄海
121.801,31.398,8.9,2017,6,0.26,0.65,,,150.6,231.89600000000002,,,,0.78,,25.6,黄海
121.919,31.362,3.3,2017,6,0.38,0.53625,,,160.08333333333334,146.57222222222222,,,,4.416666666666667,,18.866666666666667,黄海
121.919,31.362,8.8,2017,6,0.15,0.53625,,,160.08333333333334,146.57222222222222,,,,4.416666666666667,,18.866666666666667,黄海
122.018,31.347,2.5,2017,6,0.53,0.53625,,,160.08333333333334,146.57222222222222,,,,4.416666666666667,,18.866666666666667,黄海
122.214,31.349,1.8,2017,6,0.29,0.705,,,138.2,107.47200000000001,,,,15.820000000000002,,19.14,黄海
122.502,31.502,2.8,2017,6,0.39,3.32875,,,98.64285714285714,40.42,,,,30.86315789473684,,17.968421052631577,黄海
122.502,31.502,14.7,2017,6,1.15,3.32875,,,98.64285714285714,40.42,,,,30.86315789473684,,17.968421052631577,黄海
122.502,31.502,26.8,2017,6,0.18,3.32875,,,98.64285714285714,40.42,,,,30.86315789473684,,17.968421052631577,黄海
122.655,31.589,2.9,2017,6,1.37,3.7693472046179792,,,87.6842105263158,28.45052631578947,,,,30.23157894736842,,14.13076923076923,黄海
122.655,31.589,12.1,2017,6,1.02,3.7693472046179792,,,87.6842105263158,28.45052631578947,,,,30.23157894736842,,14.13076923076923,黄海
122.655,31.589,28.8,2017,6,0.001,3.7693472046179792,,,87.6842105263158,28.45052631578947,,,,30.23157894736842,,14.13076923076923,黄海
122.745,31.747,3.6,2017,6,0.56,,,,107.66666666666667,11.333333333333334,,,,33.333333333333336,,20.900000000000002,黄海
122.745,31.747,16.3,2017,6,0.94,,,,107.66666666666667,11.333333333333334,,,,33.333333333333336,,20.900000000000002,黄海
122.745,31.747,33.2,2017,6,0.001,,,,107.66666666666667,11.333333333333334,,,,33.333333333333336,,20.900000000000002,黄海
123.0,31.998,1.7,2017,6,0.16,1.275981626718685,,,94.14285714285714,37.98,,,,32.375,,5.757142857142857,黄海
123.0,31.998,15.4,2017,6,0.001,1.275981626718685,,,94.14285714285714,37.98,,,,32.375,,5.757142857142857,黄海
123.0,31.998,33.6,2017,6,0.001,1.275981626718685,,,94.14285714285714,37.98,,,,32.375,,5.757142857142857,黄海
123.249,31.998,3.2,2017,6,0.86,2.3689999999999998,,,120.66666666666667,19.666666666666668,,,,29.0,,5.607692307692308,黄海
123.249,31.998,20.8,2017,6,0.001,2.3689999999999998,,,120.66666666666667,19.666666666666668,,,,29.0,,5.607692307692308,黄海
123.249,31.998,38.3,2017,6,0.001,2.3689999999999998,,,120.66666666666667,19.666666666666668,,,,29.0,,5.607692307692308,黄海
123.5,31.999,2.8,2017,6,0.001,0.9359434536039704,,,85.0,18.426666666666666,,,,31.28333333333333,,4.432142857142857,黄海
123.5,31.999,18.6,2017,6,1.4,0.9359434536039704,,,85.0,18.426666666666666,,,,31.28333333333333,,4.432142857142857,黄海
123.5,31.999,37.1,2017,6,1.08,0.9359434536039704,,,85.0,18.426666666666666,,,,31.28333333333333,,4.432142857142857,黄海
123.492,31.74,3.2,2017,6,0.01,0.5824966693096666,,,95.28571428571429,11.348571428571429,,,,31.75714285714286,,15.559999999999999,黄海
123.492,31.74,17.0,2017,6,0.36,0.5824966693096666,,,95.28571428571429,11.348571428571429,,,,31.75714285714286,,15.559999999999999,黄海
123.492,31.74,34.0,2017,6,17.64,0.5824966693096666,,,95.28571428571429,11.348571428571429,,,,31.75714285714286,,15.559999999999999,黄海
123.375,31.515,2.5,2017,6,0.47,2.9098093800124847,,,92.125,30.08125,,,,30.6625,,12.313333333333334,黄海
123.375,31.515,16.5,2017,6,6.8,2.9098093800124847,,,92.125,30.08125,,,,30.6625,,12.313333333333334,黄海
123.375,31.515,34.0,2017,6,0.26,2.9098093800124847,,,92.125,30.08125,,,,30.6625,,12.313333333333334,黄海
123.199,31.237,2.6,2017,6,1.97,,,,110.0,32.86,,,,32.1,,24.233333333333334,黄海
123.199,31.237,23.8,2017,6,0.12,,,,110.0,32.86,,,,32.1,,24.233333333333334,黄海
123.199,31.237,46.3,2017,6,0.02,,,,110.0,32.86,,,,32.1,,24.233333333333334,黄海
123.012,31.019,3.0,2017,6,4.01,3.19089400491272,,,88.16666666666667,17.92705882352941,,,,31.477777777777778,,4.305494505494505,黄海
123.012,31.019,24.3,2017,6,3.11,3.19089400491272,,,88.16666666666667,17.92705882352941,,,,31.477777777777778,,4.305494505494505,黄海
123.012,31.019,46.6,2017,6,0.02,3.19089400491272,,,88.16666666666667,17.92705882352941,,,,31.477777777777778,,4.305494505494505,黄海
122.853,30.799,3.1,2017,6,1.24,1.3705882352941177,,,86.61290322580645,73.66913043478262,,,,30.648387096774194,,19.258064516129032,东海
122.853,30.799,8.9,2017,6,0.03,1.3705882352941177,,,86.61290322580645,73.66913043478262,,,,30.648387096774194,,19.258064516129032,东海
122.853,30.799,24.1,2017,6,0.03,1.3705882352941177,,,86.61290322580645,73.66913043478262,,,,30.648387096774194,,19.258064516129032,东海
122.754,30.503,2.9,2017,6,6.39,0.94,,,103.0,17.29,,,,30.685714285714287,,20.414285714285715,东海
122.754,30.503,15.6,2017,6,0.08,0.94,,,103.0,17.29,,,,30.685714285714287,,20.414285714285715,东海
122.754,30.503,37.9,2017,6,0.07,0.94,,,103.0,17.29,,,,30.685714285714287,,20.414285714285715,东海
122.752,30.255,2.4,2017,6,2.76,2.1355502392344494,,,97.8,56.186,,,,29.080000000000002,,7.707142857142857,东海
122.752,30.255,10.6,2017,6,0.76,2.1355502392344494,,,97.8,56.186,,,,29.080000000000002,,7.707142857142857,东海
122.752,30.255,19.1,2017,6,0.86,2.1355502392344494,,,97.8,56.186,,,,29.080000000000002,,7.707142857142857,东海
122.731,30.005,2.2,2017,6,3.26,1.492477802932464,,,92.6,54.025999999999996,,,,31.179999999999996,,6.2625,东海
122.731,30.005,18.0,2017,6,4.41,1.492477802932464,,,92.6,54.025999999999996,,,,31.179999999999996,,6.2625,东海
122.731,30.005,33.5,2017,6,0.02,1.492477802932464,,,92.6,54.025999999999996,,,,31.179999999999996,,6.2625,东海
122.681,29.76,2.7,2017,6,0.32,1.377715216917647,,,92.0,158.37333333333333,,,,32.766666666666666,,3.17,东海
122.681,29.76,19.7,2017,6,0.79,1.377715216917647,,,92.0,158.37333333333333,,,,32.766666666666666,,3.17,东海
122.681,29.76,39.6,2017,6,0.02,1.377715216917647,,,92.0,158.37333333333333,,,,32.766666666666666,,3.17,东海
122.61,29.594,2.6,2017,6,8.12,1.6825,,,92.18181818181819,28.973636363636363,,,,31.254545454545454,,12.206666666666667,东海
122.61,29.594,20.4,2017,6,7.12,1.6825,,,92.18181818181819,28.973636363636363,,,,31.254545454545454,,12.206666666666667,东海
122.61,29.594,36.4,2017,6,0.03,1.6825,,,92.18181818181819,28.973636363636363,,,,31.254545454545454,,12.206666666666667,东海
122.697,29.997,3.5,2019,4,0.82,1.492477802932464,,,92.6,54.025999999999996,,,,31.179999999999996,,6.2625,东海
123.098,30.002,4.5,2019,4,1.69,1.857381020966396,,,97.66666666666667,4.4325,,,,32.87777777777777,,10.583333333333334,东海
123.5,29.998,3.5,2019,4,0.72,0.9939562976419153,,,82.375,7.284000000000001,,,,32.9875,,12.692307692307692,东海
123.9,29.993,3.5,2019,4,1.42,1.0486666666666666,,,96.44444444444444,22.735,,,,32.56666666666667,,10.942857142857143,东海
124.3,29.998,3.0,2019,4,0.87,1.21625,,,99.33333333333333,1.55,,,,32.300000000000004,,6.425,东海
124.683,29.998,3.5,2019,4,1.75,1.6475,,,102.75,26.142500000000002,,,,32.375,,23.975,东海
123.097,30.0,2.1,2019,4,1.0,1.857381020966396,,,97.66666666666667,4.4325,,,,32.87777777777777,,10.583333333333334,东海
125.5,30.002,3.8,2019,4,1.66,1.26,,,97.5,13.77,,,,33.15,,20.85,东海
125.902,29.995,5.0,2019,4,0.6,1.055,,,88.0,6.0,,,,33.0,,21.3,东海
122.808,29.618,4.0,2019,4,0.84,0.8465882352941176,,248.04999999999998,89.125,7.7875,0.13,0.4566666666666666,,33.1031,15.983333333333333,17.6834,东海
123.088,29.618,4.2,2019,4,1.53,0.87,,,119.5,5.43,,,,32.95,,22.3,东海
123.372,29.323,7.0,2019,4,0.89,0.6583846153846153,,236.01666666666665,76.5,4.94625,0.12333333333333334,0.24,,34.1258125,9.25,17.971875,东海
123.65,29.17,4.6,2019,4,1.25,0.995,,,99.0,21.375,,,,32.8,,24.125,东海
123.938,29.02,3.5,2019,4,0.54,1.267883768678683,,,77.5,0.47333333333333333,,,,33.8,,4.243478260869565,东海
124.217,28.872,3.6,2019,4,1.71,0.46,,,119.0,0.78,,,,33.4,,21.8,东海
124.498,28.722,3.5,2019,4,0.85,1.18,,,95.0,49.154999999999994,,,,33.925,,23.225,东海
124.795,28.585,4.5,2019,4,1.13,0.5663593459952143,,,87.0,0.73,,,,33.85,,1.7037037037037037,东海
122.285,28.627,4.0,2019,4,1.67,2.2156400702563492,,,82.5,10.76,,,,30.4,,5.0,东海
122.582,28.47,3.6,2019,4,1.36,2.02,,,95.0,9.87,,,,28.9,,19.9,东海
122.882,28.14,3.8,2019,4,1.57,0.7646541259107756,,,106.5,64.1975,,,,33.6,,3.8666666666666667,东海
123.182,28.16,4.5,2019,4,1.4,0.58,,,86.0,1.08,,,,33.6,,23.2,东海
123.478,28.0,3.7,2019,4,1.57,0.47156138728334157,,,92.0,11.91,,,,34.1,,1.0434782608695652,东海
123.783,27.84,3.0,2019,4,0.33,0.345,,,99.5,45.545,,,,33.975,,24.65,东海
122.997,31.0,5.1,2019,8,1.31,3.19089400491272,,,88.16666666666667,17.92705882352941,,,,31.477777777777778,,4.305494505494505,黄海
122.997,31.0,12.0,2019,8,1.34,3.19089400491272,,,88.16666666666667,17.92705882352941,,,,31.477777777777778,,4.305494505494505,黄海
122.997,31.0,40.1,2019,8,1.08,3.19089400491272,,,88.16666666666667,17.92705882352941,,,,31.477777777777778,,4.305494505494505,黄海
123.908,30.502,4.2,2019,8,1.77,0.7994117647058824,,,85.33333333333333,8.51,,,,32.923809523809524,,20.438095238095237,东海
123.908,30.502,22.0,2019,8,1.51,0.7994117647058824,,,85.33333333333333,8.51,,,,32.923809523809524,,20.438095238095237,东海
123.908,30.502,40.0,2019,8,1.17,0.7994117647058824,,,85.33333333333333,8.51,,,,32.923809523809524,,20.438095238095237,东海
124.8,30.002,4.3,2019,8,0.8,1.6475,,,102.75,26.142500000000002,,,,32.375,,23.975,东海
124.8,30.002,12.0,2019,8,1.24,1.6475,,,102.75,26.142500000000002,,,,32.375,,23.975,东海
124.8,30.002,46.0,2019,8,0.54,1.6475,,,102.75,26.142500000000002,,,,32.375,,23.975,东海
122.303,28.603,3.5,2019,8,0.64,2.06125,,,119.0,10.763333333333334,,,,29.975,,6.28125,东海
122.303,28.603,15.0,2019,8,0.64,2.06125,,,119.0,10.763333333333334,,,,29.975,,6.28125,东海
122.303,28.603,43.9,2019,8,1.01,2.06125,,,119.0,10.763333333333334,,,,29.975,,6.28125,东海
123.857,27.7,4.9,2019,8,0.43,0.345,,,99.5,45.545,,,,33.975,,24.65,东海
123.857,27.7,30.0,2019,8,0.4,0.345,,,99.5,45.545,,,,33.975,,24.65,东海
123.857,27.7,85.6,2019,8,0.56,0.345,,,99.5,45.545,,,,33.975,,24.65,东海
124.625,27.25,5.5,2019,8,0.43,0.438132224,,,102.0,16.89666666666667,,,,34.199999999999996,,8.155555555555557,东海
124.625,27.25,42.0,2019,8,0.44,0.438132224,,,102.0,16.89666666666667,,,,34.199999999999996,,8.155555555555557,东海
124.625,27.25,97.6,2019,8,0.47,0.438132224,,,102.0,16.89666666666667,,,,34.199999999999996,,8.155555555555557,东海
122.473,27.282,3.6,2019,8,0.54,0.38,,,94.0,48.02333333333333,,,,34.13333333333333,,3.4142857142857146,东海
122.473,27.282,40.0,2019,8,0.33,0.38,,,94.0,48.02333333333333,,,,34.13333333333333,,3.4142857142857146,东海
122.473,27.282,86.0,2019,8,0.23,0.38,,,94.0,48.02333333333333,,,,34.13333333333333,,3.4142857142857146,东海
123.32,26.753,3.4,2019,8,0.77,0.4766666666666666,,,88.33333333333333,22.865000000000002,,,,34.233333333333334,,23.266666666666666,东海
123.32,26.753,43.0,2019,8,0.26,0.4766666666666666,,,88.33333333333333,22.865000000000002,,,,34.233333333333334,,23.266666666666666,东海
123.32,26.753,136.5,2019,8,0.37,0.4766666666666666,,,88.33333333333333,22.865000000000002,,,,34.233333333333334,,23.266666666666666,东海
121.007,26.987,3.4,2019,8,1.09,0.9848666666666667,,239.0666666666667,100.33333333333333,14.056666666666667,0.21333333333333335,0.4266666666666667,,33.02733333333333,14.966666666666667,18.492666666666665,东海
121.007,26.987,20.0,2019,8,0.85,0.9848666666666667,,239.0666666666667,100.33333333333333,14.056666666666667,0.21333333333333335,0.4266666666666667,,33.02733333333333,14.966666666666667,18.492666666666665,东海
121.007,26.987,42.4,2019,8,0.66,0.9848666666666667,,239.0666666666667,100.33333333333333,14.056666666666667,0.21333333333333335,0.4266666666666667,,33.02733333333333,14.966666666666667,18.492666666666665,东海
121.327,26.802,4.3,2019,8,1.07,0.7399999999999999,,209.8695652173913,93.66666666666667,4.868,0.57,0.23217391304347826,,33.470926923076924,,23.834126923076926,东海
121.327,26.802,35.0,2019,8,0.61,0.7399999999999999,,209.8695652173913,93.66666666666667,4.868,0.57,0.23217391304347826,,33.470926923076924,,23.834126923076926,东海
121.327,26.802,66.6,2019,8,0.63,0.7399999999999999,,209.8695652173913,93.66666666666667,4.868,0.57,0.23217391304347826,,33.470926923076924,,23.834126923076926,东海
121.665,26.598,3.3,2019,8,0.65,1.0433333333333332,,204.28,96.33333333333333,2.2785,0.5175,0.2582608695652174,,34.024121428571426,,23.521882142857145,东海
121.665,26.598,37.0,2019,8,0.62,1.0433333333333332,,204.28,96.33333333333333,2.2785,0.5175,0.2582608695652174,,34.024121428571426,,23.521882142857145,东海
121.665,26.598,69.8,2019,8,0.78,1.0433333333333332,,204.28,96.33333333333333,2.2785,0.5175,0.2582608695652174,,34.024121428571426,,23.521882142857145,东海
122.32,26.2,3.6,2019,8,0.77,0.41466666666666663,,201.14285714285714,95.33333333333333,9.124827586206896,0.23607142857142857,0.22107142857142859,,34.227629032258065,,16.79842558139535,东海
122.32,26.2,44.0,2019,8,0.61,0.41466666666666663,,201.14285714285714,95.33333333333333,9.124827586206896,0.23607142857142857,0.22107142857142859,,34.227629032258065,,16.79842558139535,东海
122.32,26.2,97.0,2019,8,0.52,0.41466666666666663,,201.14285714285714,95.33333333333333,9.124827586206896,0.23607142857142857,0.22107142857142859,,34.227629032258065,,16.79842558139535,东海
122.832,29.583,3.2,2019,8,0.61,0.8465882352941176,,248.04999999999998,89.125,7.7875,0.13,0.4566666666666666,,33.1031,15.983333333333333,17.6834,东海
122.832,29.583,25.0,2019,8,0.54,0.8465882352941176,,248.04999999999998,89.125,7.7875,0.13,0.4566666666666666,,33.1031,15.983333333333333,17.6834,东海
122.832,29.583,43.0,2019,8,0.58,0.8465882352941176,,248.04999999999998,89.125,7.7875,0.13,0.4566666666666666,,33.1031,15.983333333333333,17.6834,东海
123.225,29.375,3.5,2019,8,0.46,0.7966666666666665,,,95.66666666666667,79.36,,,,33.46666666666667,,24.2,东海
123.225,29.375,25.0,2019,8,0.53,0.7966666666666665,,,95.66666666666667,79.36,,,,33.46666666666667,,24.2,东海
123.225,29.375,56.0,2019,8,0.5,0.7966666666666665,,,95.66666666666667,79.36,,,,33.46666666666667,,24.2,东海
123.647,29.15,3.5,2019,8,0.57,0.995,,,99.0,21.375,,,,32.8,,24.125,东海
123.647,29.15,30.0,2019,8,0.72,0.995,,,99.0,21.375,,,,32.8,,24.125,东海
123.647,29.15,65.6,2019,8,0.59,0.995,,,99.0,21.375,,,,32.8,,24.125,东海
124.5,28.705,4.0,2019,8,0.47,1.18,,,95.0,49.154999999999994,,,,33.925,,23.225,东海
124.5,28.705,25.0,2019,8,0.74,1.18,,,95.0,49.154999999999994,,,,33.925,,23.225,东海
124.5,28.705,83.0,2019,8,0.51,1.18,,,95.0,49.154999999999994,,,,33.925,,23.225,东海
122.7,28.368,3.7,2019,8,0.66,1.0433333333333332,,,100.66666666666667,7.563333333333333,,,,33.5,,26.2,东海
122.7,28.368,30.0,2019,8,0.58,1.0433333333333332,,,100.66666666666667,7.563333333333333,,,,33.5,,26.2,东海
122.7,28.368,66.0,2019,8,0.46,1.0433333333333332,,,100.66666666666667,7.563333333333333,,,,33.5,,26.2,东海
123.09,28.152,4.0,2019,8,0.44,0.7646541259107756,,,106.5,64.1975,,,,33.6,,3.8666666666666667,东海
123.09,28.152,30.0,2019,8,0.44,0.7646541259107756,,,106.5,64.1975,,,,33.6,,3.8666666666666667,东海
123.09,28.152,69.0,2019,8,0.39,0.7646541259107756,,,106.5,64.1975,,,,33.6,,3.8666666666666667,东海
121.637,27.797,3.9,2019,8,0.93,0.6803628937333334,,,100.5,7.08,,,,31.0,,3.3666666666666667,东海
121.637,27.797,30.0,2019,8,0.64,0.6803628937333334,,,100.5,7.08,,,,31.0,,3.3666666666666667,东海
122.06,27.542,3.8,2019,8,0.55,0.6188205925066926,,,90.0,8.0,,,,33.65,,1.549230769230769,东海
122.06,27.542,25.0,2019,8,0.51,0.6188205925066926,,,90.0,8.0,,,,33.65,,1.549230769230769,东海
122.06,27.542,75.0,2019,8,0.4,0.6188205925066926,,,90.0,8.0,,,,33.65,,1.549230769230769,东海
120.189,36.13,2.0,2015,7,3.64,4.398823529411764,,,200.83333333333334,17.19058823529412,,,,30.783333333333335,,13.827777777777778,黄海
120.249,36.158,2.0,2015,7,6.44,4.398823529411764,,,200.83333333333334,17.19058823529412,,,,30.783333333333335,,13.827777777777778,黄海
120.33,36.153,2.0,2015,7,7.55,4.398823529411764,,,200.83333333333334,17.19058823529412,,,,30.783333333333335,,13.827777777777778,黄海
120.33,36.153,6.0,2015,7,7.11,4.398823529411764,,,200.83333333333334,17.19058823529412,,,,30.783333333333335,,13.827777777777778,黄海
120.179,36.105,2.0,2015,7,6.19,1.794776119402985,,,168.6338028169014,4.49235294117647,,,,31.309859154929576,,13.191549295774648,黄海
120.253,36.1,2.0,2015,7,6.86,1.794776119402985,,,168.6338028169014,4.49235294117647,,,,31.309859154929576,,13.191549295774648,黄海
120.253,36.1,10.0,2015,7,2.53,1.794776119402985,,,168.6338028169014,4.49235294117647,,,,31.309859154929576,,13.191549295774648,黄海
120.253,36.1,13.0,2015,7,2.68,1.794776119402985,,,168.6338028169014,4.49235294117647,,,,31.309859154929576,,13.191549295774648,黄海
120.295,36.091,2.0,2015,7,4.36,1.794776119402985,,,168.6338028169014,4.49235294117647,,,,31.309859154929576,,13.191549295774648,黄海
120.236,36.067,2.0,2015,7,2.15,1.794776119402985,,,168.6338028169014,4.49235294117647,,,,31.309859154929576,,13.191549295774648,黄海
120.236,36.067,8.8,2015,7,1.99,1.794776119402985,,,168.6338028169014,4.49235294117647,,,,31.309859154929576,,13.191549295774648,黄海
120.235,36.037,2.0,2015,7,2.54,1.794776119402985,,,168.6338028169014,4.49235294117647,,,,31.309859154929576,,13.191549295774648,黄海
120.235,36.037,5.5,2015,7,2.46,1.794776119402985,,,168.6338028169014,4.49235294117647,,,,31.309859154929576,,13.191549295774648,黄海
120.284,36.023,2.0,2015,7,1.26,1.794776119402985,,,168.6338028169014,4.49235294117647,,,,31.309859154929576,,13.191549295774648,黄海
120.284,36.023,10.0,2015,7,1.53,1.794776119402985,,,168.6338028169014,4.49235294117647,,,,31.309859154929576,,13.191549295774648,黄海
120.284,36.023,20.0,2015,7,1.34,1.794776119402985,,,168.6338028169014,4.49235294117647,,,,31.309859154929576,,13.191549295774648,黄海
120.284,36.023,25.0,2015,7,1.43,1.794776119402985,,,168.6338028169014,4.49235294117647,,,,31.309859154929576,,13.191549295774648,黄海
120.371,36.037,2.0,2015,7,1.73,1.794776119402985,,,168.6338028169014,4.49235294117647,,,,31.309859154929576,,13.191549295774648,黄海
120.371,36.037,10.0,2015,7,1.09,1.794776119402985,,,168.6338028169014,4.49235294117647,,,,31.309859154929576,,13.191549295774648,黄海
120.371,36.037,14.0,2015,7,1.38,1.794776119402985,,,168.6338028169014,4.49235294117647,,,,31.309859154929576,,13.191549295774648,黄海
120.354,36.003,2.0,2015,7,0.91,1.794776119402985,,,168.6338028169014,4.49235294117647,,,,31.309859154929576,,13.191549295774648,黄海
120.354,36.003,10.0,2015,7,1.36,1.794776119402985,,,168.6338028169014,4.49235294117647,,,,31.309859154929576,,13.191549295774648,黄海
120.354,36.003,21.0,2015,7,1.3,1.794776119402985,,,168.6338028169014,4.49235294117647,,,,31.309859154929576,,13.191549295774648,黄海
120.42,35.984,2.0,2015,7,0.85,1.2421428571428572,,,157.36363636363637,2.9025,,,,31.4875,,13.75625,黄海
120.42,35.984,10.0,2015,7,1.02,1.2421428571428572,,,157.36363636363637,2.9025,,,,31.4875,,13.75625,黄海
120.42,35.984,16.0,2015,7,0.6,1.2421428571428572,,,157.36363636363637,2.9025,,,,31.4875,,13.75625,黄海
120.189,36.13,2.0,2016,1,1.04,4.398823529411764,,,200.83333333333334,17.19058823529412,,,,30.783333333333335,,13.827777777777778,黄海
120.249,36.158,2.0,2016,1,4.99,4.398823529411764,,,200.83333333333334,17.19058823529412,,,,30.783333333333335,,13.827777777777778,黄海
120.33,36.153,2.0,2016,1,28.3,4.398823529411764,,,200.83333333333334,17.19058823529412,,,,30.783333333333335,,13.827777777777778,黄海
120.33,36.153,4.0,2016,1,27.6,4.398823529411764,,,200.83333333333334,17.19058823529412,,,,30.783333333333335,,13.827777777777778,黄海
120.179,36.105,2.0,2016,1,1.3,1.794776119402985,,,168.6338028169014,4.49235294117647,,,,31.309859154929576,,13.191549295774648,黄海
120.253,36.1,2.0,2016,1,2.46,1.794776119402985,,,168.6338028169014,4.49235294117647,,,,31.309859154929576,,13.191549295774648,黄海
120.253,36.1,13.0,2016,1,2.19,1.794776119402985,,,168.6338028169014,4.49235294117647,,,,31.309859154929576,,13.191549295774648,黄海
120.295,36.091,2.0,2016,1,8.7,1.794776119402985,,,168.6338028169014,4.49235294117647,,,,31.309859154929576,,13.191549295774648,黄海
120.295,36.091,6.0,2016,1,8.11,1.794776119402985,,,168.6338028169014,4.49235294117647,,,,31.309859154929576,,13.191549295774648,黄海
120.236,36.067,2.0,2016,1,2.0,1.794776119402985,,,168.6338028169014,4.49235294117647,,,,31.309859154929576,,13.191549295774648,黄海
120.236,36.067,8.0,2016,1,2.15,1.794776119402985,,,168.6338028169014,4.49235294117647,,,,31.309859154929576,,13.191549295774648,黄海
120.235,36.037,2.0,2016,1,2.17,1.794776119402985,,,168.6338028169014,4.49235294117647,,,,31.309859154929576,,13.191549295774648,黄海
120.284,36.023,2.0,2016,1,1.92,1.794776119402985,,,168.6338028169014,4.49235294117647,,,,31.309859154929576,,13.191549295774648,黄海
120.284,36.023,10.0,2016,1,1.52,1.794776119402985,,,168.6338028169014,4.49235294117647,,,,31.309859154929576,,13.191549295774648,黄海
120.284,36.023,22.0,2016,1,1.54,1.794776119402985,,,168.6338028169014,4.49235294117647,,,,31.309859154929576,,13.191549295774648,黄海
120.371,36.037,2.0,2016,1,4.86,1.794776119402985,,,168.6338028169014,4.49235294117647,,,,31.309859154929576,,13.191549295774648,黄海
120.371,36.037,10.0,2016,1,1.71,1.794776119402985,,,168.6338028169014,4.49235294117647,,,,31.309859154929576,,13.191549295774648,黄海
120.354,36.003,2.0,2016,1,1.11,1.794776119402985,,,168.6338028169014,4.49235294117647,,,,31.309859154929576,,13.191549295774648,黄海
120.354,36.003,10.0,2016,1,0.96,1.794776119402985,,,168.6338028169014,4.49235294117647,,,,31.309859154929576,,13.191549295774648,黄海
120.354,36.003,20.0,2016,1,1.27,1.794776119402985,,,168.6338028169014,4.49235294117647,,,,31.309859154929576,,13.191549295774648,黄海
120.354,36.003,28.0,2016,1,0.95,1.794776119402985,,,168.6338028169014,4.49235294117647,,,,31.309859154929576,,13.191549295774648,黄海
120.42,35.984,2.0,2016,1,1.45,1.2421428571428572,,,157.36363636363637,2.9025,,,,31.4875,,13.75625,黄海
120.42,35.984,10.0,2016,1,1.23,1.2421428571428572,,,157.36363636363637,2.9025,,,,31.4875,,13.75625,黄海
120.42,35.984,14.0,2016,1,1.29,1.2421428571428572,,,157.36363636363637,2.9025,,,,31.4875,,13.75625,黄海
120.189,36.13,2.0,2016,4,3.37,4.398823529411764,,,200.83333333333334,17.19058823529412,,,,30.783333333333335,,13.827777777777778,黄海
120.249,36.158,2.0,2016,4,2.32,4.398823529411764,,,200.83333333333334,17.19058823529412,,,,30.783333333333335,,13.827777777777778,黄海
120.33,36.153,2.0,2016,4,9.3,4.398823529411764,,,200.83333333333334,17.19058823529412,,,,30.783333333333335,,13.827777777777778,黄海
120.33,36.153,4.7,2016,4,6.22,4.398823529411764,,,200.83333333333334,17.19058823529412,,,,30.783333333333335,,13.827777777777778,黄海
120.179,36.105,2.0,2016,4,5.55,1.794776119402985,,,168.6338028169014,4.49235294117647,,,,31.309859154929576,,13.191549295774648,黄海
120.253,36.1,2.0,2016,4,2.62,1.794776119402985,,,168.6338028169014,4.49235294117647,,,,31.309859154929576,,13.191549295774648,黄海
120.253,36.1,10.0,2016,4,2.46,1.794776119402985,,,168.6338028169014,4.49235294117647,,,,31.309859154929576,,13.191549295774648,黄海
120.295,36.091,2.0,2016,4,2.45,1.794776119402985,,,168.6338028169014,4.49235294117647,,,,31.309859154929576,,13.191549295774648,黄海
120.236,36.067,2.0,2016,4,3.49,1.794776119402985,,,168.6338028169014,4.49235294117647,,,,31.309859154929576,,13.191549295774648,黄海
120.236,36.067,6.0,2016,4,2.45,1.794776119402985,,,168.6338028169014,4.49235294117647,,,,31.309859154929576,,13.191549295774648,黄海
120.235,36.037,2.0,2016,4,4.24,1.794776119402985,,,168.6338028169014,4.49235294117647,,,,31.309859154929576,,13.191549295774648,黄海
120.235,36.037,4.0,2016,4,2.81,1.794776119402985,,,168.6338028169014,4.49235294117647,,,,31.309859154929576,,13.191549295774648,黄海
120.284,36.023,2.0,2016,4,2.41,1.794776119402985,,,168.6338028169014,4.49235294117647,,,,31.309859154929576,,13.191549295774648,黄海
120.284,36.023,10.0,2016,4,2.36,1.794776119402985,,,168.6338028169014,4.49235294117647,,,,31.309859154929576,,13.191549295774648,黄海
120.284,36.023,19.0,2016,4,2.34,1.794776119402985,,,168.6338028169014,4.49235294117647,,,,31.309859154929576,,13.191549295774648,黄海
120.371,36.037,2.0,2016,4,2.64,1.794776119402985,,,168.6338028169014,4.49235294117647,,,,31.309859154929576,,13.191549295774648,黄海
120.371,36.037,8.0,2016,4,2.36,1.794776119402985,,,168.6338028169014,4.49235294117647,,,,31.309859154929576,,13.191549295774648,黄海
120.354,36.003,2.0,2016,4,2.33,1.794776119402985,,,168.6338028169014,4.49235294117647,,,,31.309859154929576,,13.191549295774648,黄海
120.354,36.003,10.0,2016,4,2.25,1.794776119402985,,,168.6338028169014,4.49235294117647,,,,31.309859154929576,,13.191549295774648,黄海
120.354,36.003,22.0,2016,4,2.25,1.794776119402985,,,168.6338028169014,4.49235294117647,,,,31.309859154929576,,13.191549295774648,黄海
120.42,35.984,2.0,2016,4,2.23,1.2421428571428572,,,157.36363636363637,2.9025,,,,31.4875,,13.75625,黄海
120.42,35.984,12.5,2016,4,3.86,1.2421428571428572,,,157.36363636363637,2.9025,,,,31.4875,,13.75625,黄海
120.189,36.13,2.0,2016,11,5.63,4.398823529411764,,,200.83333333333334,17.19058823529412,,,,30.783333333333335,,13.827777777777778,黄海
120.249,36.158,2.0,2016,11,4.34,4.398823529411764,,,200.83333333333334,17.19058823529412,,,,30.783333333333335,,13.827777777777778,黄海
120.33,36.153,2.0,2016,11,11.33,4.398823529411764,,,200.83333333333334,17.19058823529412,,,,30.783333333333335,,13.827777777777778,黄海
120.33,36.153,5.0,2016,11,11.35,4.398823529411764,,,200.83333333333334,17.19058823529412,,,,30.783333333333335,,13.827777777777778,黄海
120.179,36.105,2.0,2016,11,5.87,1.794776119402985,,,168.6338028169014,4.49235294117647,,,,31.309859154929576,,13.191549295774648,黄海
120.253,36.1,2.0,2016,11,4.55,1.794776119402985,,,168.6338028169014,4.49235294117647,,,,31.309859154929576,,13.191549295774648,黄海
120.253,36.1,12.0,2016,11,5.91,1.794776119402985,,,168.6338028169014,4.49235294117647,,,,31.309859154929576,,13.191549295774648,黄海
120.295,36.091,2.0,2016,11,11.41,1.794776119402985,,,168.6338028169014,4.49235294117647,,,,31.309859154929576,,13.191549295774648,黄海
120.236,36.067,2.0,2016,11,9.39,1.794776119402985,,,168.6338028169014,4.49235294117647,,,,31.309859154929576,,13.191549295774648,黄海
120.236,36.067,10.0,2016,11,8.73,1.794776119402985,,,168.6338028169014,4.49235294117647,,,,31.309859154929576,,13.191549295774648,黄海
120.235,36.037,2.0,2016,11,5.86,1.794776119402985,,,168.6338028169014,4.49235294117647,,,,31.309859154929576,,13.191549295774648,黄海
120.284,36.023,2.0,2016,11,7.43,1.794776119402985,,,168.6338028169014,4.49235294117647,,,,31.309859154929576,,13.191549295774648,黄海
120.284,36.023,10.0,2016,11,7.97,1.794776119402985,,,168.6338028169014,4.49235294117647,,,,31.309859154929576,,13.191549295774648,黄海
120.284,36.023,23.0,2016,11,8.18,1.794776119402985,,,168.6338028169014,4.49235294117647,,,,31.309859154929576,,13.191549295774648,黄海
120.371,36.037,2.0,2016,11,7.39,1.794776119402985,,,168.6338028169014,4.49235294117647,,,,31.309859154929576,,13.191549295774648,黄海
120.371,36.037,10.0,2016,11,10.4,1.794776119402985,,,168.6338028169014,4.49235294117647,,,,31.309859154929576,,13.191549295774648,黄海
120.371,36.037,13.0,2016,11,5.4,1.794776119402985,,,168.6338028169014,4.49235294117647,,,,31.309859154929576,,13.191549295774648,黄海
120.354,36.003,2.0,2016,11,7.61,1.794776119402985,,,168.6338028169014,4.49235294117647,,,,31.309859154929576,,13.191549295774648,黄海
120.354,36.003,10.0,2016,11,6.76,1.794776119402985,,,168.6338028169014,4.49235294117647,,,,31.309859154929576,,13.191549295774648,黄海
120.354,36.003,16.0,2016,11,5.07,1.794776119402985,,,168.6338028169014,4.49235294117647,,,,31.309859154929576,,13.191549295774648,黄海
120.42,35.984,2.0,2016,11,5.26,1.2421428571428572,,,157.36363636363637,2.9025,,,,31.4875,,13.75625,黄海
120.42,35.984,10.0,2016,11,4.92,1.2421428571428572,,,157.36363636363637,2.9025,,,,31.4875,,13.75625,黄海
120.42,35.984,14.0,2016,11,5.4,1.2421428571428572,,,157.36363636363637,2.9025,,,,31.4875,,13.75625,黄海
121.6,33.0,2.0,2019,11,0.5,1.505,,,,12.809999999999999,,,,31.0,,15.4,黄海
121.6,33.0,8.0,2019,11,0.99,1.505,,,,12.809999999999999,,,,31.0,,15.4,黄海
122.0,33.0,2.0,2019,11,0.5,1.11,,,108.0,4.07,,,,20.18,,21.86,黄海
122.0,33.0,5.0,2019,11,0.88,1.11,,,108.0,4.07,,,,20.18,,21.86,黄海
122.0,33.0,11.0,2019,11,0.5,1.11,,,108.0,4.07,,,,20.18,,21.86,黄海
122.5,33.0,2.0,2019,11,0.66,0.8014076307142857,,,97.0,4.915,,,,31.285714285714285,,10.354545454545455,黄海
122.5,33.0,5.0,2019,11,0.56,0.8014076307142857,,,97.0,4.915,,,,31.285714285714285,,10.354545454545455,黄海
122.5,33.0,10.0,2019,11,0.62,0.8014076307142857,,,97.0,4.915,,,,31.285714285714285,,10.354545454545455,黄海
122.5,33.0,25.0,2019,11,0.44,0.8014076307142857,,,97.0,4.915,,,,31.285714285714285,,10.354545454545455,黄海
123.0,33.0,2.0,2019,11,0.66,0.64,,,,5.064,,,,31.3,,18.0,黄海
123.0,33.0,5.0,2019,11,0.26,0.64,,,,5.064,,,,31.3,,18.0,黄海
123.0,33.0,10.0,2019,11,0.28,0.64,,,,5.064,,,,31.3,,18.0,黄海
123.0,33.0,20.0,2019,11,0.24,0.64,,,,5.064,,,,31.3,,18.0,黄海
123.0,33.0,31.0,2019,11,0.7,0.64,,,,5.064,,,,31.3,,18.0,黄海
123.5,33.0,2.0,2019,11,0.38,1.7702647553316047,,,,6.1240000000000006,,,,31.360000000000003,,6.093333333333334,黄海
123.5,33.0,5.0,2019,11,0.66,1.7702647553316047,,,,6.1240000000000006,,,,31.360000000000003,,6.093333333333334,黄海
123.5,33.0,10.0,2019,11,0.77,1.7702647553316047,,,,6.1240000000000006,,,,31.360000000000003,,6.093333333333334,黄海
123.5,33.0,20.0,2019,11,1.06,1.7702647553316047,,,,6.1240000000000006,,,,31.360000000000003,,6.093333333333334,黄海
123.5,33.0,33.0,2019,11,0.65,1.7702647553316047,,,,6.1240000000000006,,,,31.360000000000003,,6.093333333333334,黄海
120.6,34.0,2.0,2019,11,0.91,0.7400000000000001,,,,15.636666666666665,,,,30.8,,16.0,黄海
120.6,34.0,5.0,2019,11,0.81,0.7400000000000001,,,,15.636666666666665,,,,30.8,,16.0,黄海
120.6,34.0,13.0,2019,11,0.81,0.7400000000000001,,,,15.636666666666665,,,,30.8,,16.0,黄海
121.0,34.0,2.0,2019,11,1.52,0.8799999999999999,,,,14.166666666666666,,,,31.0,,15.933333333333332,黄海
121.0,34.0,5.0,2019,11,0.75,0.8799999999999999,,,,14.166666666666666,,,,31.0,,15.933333333333332,黄海
121.0,34.0,14.0,2019,11,1.31,0.8799999999999999,,,,14.166666666666666,,,,31.0,,15.933333333333332,黄海
121.5,34.0,2.0,2019,11,1.36,1.8718796992481228,,,110.0,4.8525,,,,31.5,,10.525,黄海
121.5,34.0,5.0,2019,11,1.82,1.8718796992481228,,,110.0,4.8525,,,,31.5,,10.525,黄海
121.5,34.0,10.0,2019,11,1.01,1.8718796992481228,,,110.0,4.8525,,,,31.5,,10.525,黄海
121.5,34.0,17.0,2019,11,0.91,1.8718796992481228,,,110.0,4.8525,,,,31.5,,10.525,黄海
122.0,34.0,2.0,2019,11,1.46,0.865805434,,,115.0,3.0533333333333332,,,,31.5,,10.6,黄海
122.0,34.0,5.0,2019,11,0.74,0.865805434,,,115.0,3.0533333333333332,,,,31.5,,10.6,黄海
122.0,34.0,11.0,2019,11,0.58,0.865805434,,,115.0,3.0533333333333332,,,,31.5,,10.6,黄海
122.5,34.0,2.0,2019,11,0.78,2.341111111111111,,,101.0,1.9616666666666667,,,,31.685714285714287,,9.453846153846154,黄海
122.5,34.0,5.0,2019,11,1.01,2.341111111111111,,,101.0,1.9616666666666667,,,,31.685714285714287,,9.453846153846154,黄海
122.5,34.0,10.0,2019,11,0.66,2.341111111111111,,,101.0,1.9616666666666667,,,,31.685714285714287,,9.453846153846154,黄海
122.5,34.0,20.0,2019,11,0.81,2.341111111111111,,,101.0,1.9616666666666667,,,,31.685714285714287,,9.453846153846154,黄海
122.5,34.0,30.0,2019,11,1.17,2.341111111111111,,,101.0,1.9616666666666667,,,,31.685714285714287,,9.453846153846154,黄海
122.5,34.0,37.0,2019,11,0.84,2.341111111111111,,,101.0,1.9616666666666667,,,,31.685714285714287,,9.453846153846154,黄海
123.0,34.0,2.0,2019,11,1.68,0.40625,,,,3.508333333333333,,,,32.1,,8.727272727272727,黄海
123.0,34.0,10.0,2019,11,1.24,0.40625,,,,3.508333333333333,,,,32.1,,8.727272727272727,黄海
123.0,34.0,20.0,2019,11,2.85,0.40625,,,,3.508333333333333,,,,32.1,,8.727272727272727,黄海
123.0,34.0,30.0,2019,11,0.77,0.40625,,,,3.508333333333333,,,,32.1,,8.727272727272727,黄海
123.0,34.0,50.0,2019,11,1.45,0.40625,,,,3.508333333333333,,,,32.1,,8.727272727272727,黄海
123.0,34.0,64.0,2019,11,0.54,0.40625,,,,3.508333333333333,,,,32.1,,8.727272727272727,黄海
123.5,34.0,2.0,2019,11,0.78,0.9608957439596041,,,,2.7449999999999997,,,,32.25,,3.096774193548387,黄海
123.5,34.0,10.0,2019,11,0.75,0.9608957439596041,,,,2.7449999999999997,,,,32.25,,3.096774193548387,黄海
123.5,34.0,20.0,2019,11,0.57,0.9608957439596041,,,,2.7449999999999997,,,,32.25,,3.096774193548387,黄海
123.5,34.0,30.0,2019,11,0.81,0.9608957439596041,,,,2.7449999999999997,,,,32.25,,3.096774193548387,黄海
123.5,34.0,50.0,2019,11,1.45,0.9608957439596041,,,,2.7449999999999997,,,,32.25,,3.096774193548387,黄海
123.5,34.0,65.0,2019,11,0.84,0.9608957439596041,,,,2.7449999999999997,,,,32.25,,3.096774193548387,黄海
124.0,34.0,2.0,2019,11,1.86,0.40750000000000003,,,96.75,8.201666666666666,,,,31.055555555555557,,13.366666666666667,黄海
124.0,34.0,10.0,2019,11,2.0,0.40750000000000003,,,96.75,8.201666666666666,,,,31.055555555555557,,13.366666666666667,黄海
124.0,34.0,20.0,2019,11,2.17,0.40750000000000003,,,96.75,8.201666666666666,,,,31.055555555555557,,13.366666666666667,黄海
124.0,34.0,30.0,2019,11,1.88,0.40750000000000003,,,96.75,8.201666666666666,,,,31.055555555555557,,13.366666666666667,黄海
124.0,34.0,50.0,2019,11,0.72,0.40750000000000003,,,96.75,8.201666666666666,,,,31.055555555555557,,13.366666666666667,黄海
124.0,34.0,76.0,2019,11,1.82,0.40750000000000003,,,96.75,8.201666666666666,,,,31.055555555555557,,13.366666666666667,黄海
119.5,35.0,2.0,2019,11,2.01,2.7725,,,,8.377500000000001,,,,30.9,,14.7,黄海
119.5,35.0,5.0,2019,11,2.49,2.7725,,,,8.377500000000001,,,,30.9,,14.7,黄海
119.5,35.0,10.0,2019,11,3.46,2.7725,,,,8.377500000000001,,,,30.9,,14.7,黄海
119.5,35.0,20.0,2019,11,1.84,2.7725,,,,8.377500000000001,,,,30.9,,14.7,黄海
120.0,35.0,2.0,2019,11,0.97,1.76,,,,4.725,,,,31.5,,15.725,黄海
120.0,35.0,5.0,2019,11,0.95,1.76,,,,4.725,,,,31.5,,15.725,黄海
120.0,35.0,10.0,2019,11,1.34,1.76,,,,4.725,,,,31.5,,15.725,黄海
120.0,35.0,25.0,2019,11,0.63,1.76,,,,4.725,,,,31.5,,15.725,黄海
120.5,35.0,2.0,2019,11,1.25,0.8175,,,165.33333333333334,6.86,,,,19.7,,22.728571428571428,黄海
120.5,35.0,5.0,2019,11,0.39,0.8175,,,165.33333333333334,6.86,,,,19.7,,22.728571428571428,黄海
120.5,35.0,10.0,2019,11,0.52,0.8175,,,165.33333333333334,6.86,,,,19.7,,22.728571428571428,黄海
120.5,35.0,26.0,2019,11,0.41,0.8175,,,165.33333333333334,6.86,,,,19.7,,22.728571428571428,黄海
121.0,35.0,2.0,2019,11,0.36,0.4066666666666667,,,,2.778,,,,31.6,,16.9,黄海
121.0,35.0,5.0,2019,11,0.56,0.4066666666666667,,,,2.778,,,,31.6,,16.9,黄海
121.0,35.0,10.0,2019,11,0.3,0.4066666666666667,,,,2.778,,,,31.6,,16.9,黄海
121.0,35.0,20.0,2019,11,0.28,0.4066666666666667,,,,2.778,,,,31.6,,16.9,黄海
121.0,35.0,33.0,2019,11,0.33,0.4066666666666667,,,,2.778,,,,31.6,,16.9,黄海
121.5,35.0,2.0,2019,11,0.4,1.8886369143333332,,,108.0,2.3066666666666666,,,,31.633333333333333,,10.73076923076923,黄海
121.5,35.0,5.0,2019,11,0.52,1.8886369143333332,,,108.0,2.3066666666666666,,,,31.633333333333333,,10.73076923076923,黄海
121.5,35.0,10.0,2019,11,0.41,1.8886369143333332,,,108.0,2.3066666666666666,,,,31.633333333333333,,10.73076923076923,黄海
121.5,35.0,20.0,2019,11,0.47,1.8886369143333332,,,108.0,2.3066666666666666,,,,31.633333333333333,,10.73076923076923,黄海
121.5,35.0,30.0,2019,11,0.55,1.8886369143333332,,,108.0,2.3066666666666666,,,,31.633333333333333,,10.73076923076923,黄海
121.5,35.0,35.0,2019,11,0.55,1.8886369143333332,,,108.0,2.3066666666666666,,,,31.633333333333333,,10.73076923076923,黄海
122.0,35.0,2.0,2019,11,1.09,0.8742857142857143,,,,2.3866666666666667,,,,31.7,,10.080000000000002,黄海
122.0,35.0,5.0,2019,11,0.6,0.8742857142857143,,,,2.3866666666666667,,,,31.7,,10.080000000000002,黄海
122.0,35.0,10.0,2019,11,0.44,0.8742857142857143,,,,2.3866666666666667,,,,31.7,,10.080000000000002,黄海
122.0,35.0,20.0,2019,11,0.4,0.8742857142857143,,,,2.3866666666666667,,,,31.7,,10.080000000000002,黄海
122.0,35.0,30.0,2019,11,0.46,0.8742857142857143,,,,2.3866666666666667,,,,31.7,,10.080000000000002,黄海
122.0,35.0,48.0,2019,11,0.33,0.8742857142857143,,,,2.3866666666666667,,,,31.7,,10.080000000000002,黄海
122.5,35.0,2.0,2019,12,0.43,1.371764705882353,,,128.75,2.513333333333333,,,,23.630000000000003,,10.379999999999999,黄海
122.5,35.0,10.0,2019,12,0.47,1.371764705882353,,,128.75,2.513333333333333,,,,23.630000000000003,,10.379999999999999,黄海
122.5,35.0,20.0,2019,12,0.42,1.371764705882353,,,128.75,2.513333333333333,,,,23.630000000000003,,10.379999999999999,黄海
122.5,35.0,30.0,2019,12,0.38,1.371764705882353,,,128.75,2.513333333333333,,,,23.630000000000003,,10.379999999999999,黄海
122.5,35.0,50.0,2019,12,0.34,1.371764705882353,,,128.75,2.513333333333333,,,,23.630000000000003,,10.379999999999999,黄海
122.5,35.0,60.0,2019,12,0.5,1.371764705882353,,,128.75,2.513333333333333,,,,23.630000000000003,,10.379999999999999,黄海
123.0,35.0,2.0,2019,12,0.53,0.4811111111111111,,,,3.296666666666667,,,,32.15,,8.136363636363637,黄海
123.0,35.0,10.0,2019,12,0.9,0.4811111111111111,,,,3.296666666666667,,,,32.15,,8.136363636363637,黄海
123.0,35.0,20.0,2019,12,0.72,0.4811111111111111,,,,3.296666666666667,,,,32.15,,8.136363636363637,黄海
123.0,35.0,30.0,2019,12,0.66,0.4811111111111111,,,,3.296666666666667,,,,32.15,,8.136363636363637,黄海
123.0,35.0,50.0,2019,12,0.43,0.4811111111111111,,,,3.296666666666667,,,,32.15,,8.136363636363637,黄海
123.0,35.0,67.0,2019,12,0.52,0.4811111111111111,,,,3.296666666666667,,,,32.15,,8.136363636363637,黄海
123.5,35.0,2.0,2019,11,0.42,0.7302889010892232,,,126.0,3.6149999999999998,,,,32.357142857142854,,1.1457446808510638,黄海
123.5,35.0,10.0,2019,11,2.85,0.7302889010892232,,,126.0,3.6149999999999998,,,,32.357142857142854,,1.1457446808510638,黄海
123.5,35.0,20.0,2019,11,1.16,0.7302889010892232,,,126.0,3.6149999999999998,,,,32.357142857142854,,1.1457446808510638,黄海
123.5,35.0,30.0,2019,11,0.83,0.7302889010892232,,,126.0,3.6149999999999998,,,,32.357142857142854,,1.1457446808510638,黄海
123.5,35.0,50.0,2019,11,0.79,0.7302889010892232,,,126.0,3.6149999999999998,,,,32.357142857142854,,1.1457446808510638,黄海
123.5,35.0,72.0,2019,11,0.6,0.7302889010892232,,,126.0,3.6149999999999998,,,,32.357142857142854,,1.1457446808510638,黄海
124.0,35.0,2.0,2019,11,0.54,0.4138709677419355,,,103.66666666666667,2.8200000000000003,,,,25.977777777777778,,4.945714285714286,黄海
124.0,35.0,10.0,2019,11,0.41,0.4138709677419355,,,103.66666666666667,2.8200000000000003,,,,25.977777777777778,,4.945714285714286,黄海
124.0,35.0,20.0,2019,11,0.57,0.4138709677419355,,,103.66666666666667,2.8200000000000003,,,,25.977777777777778,,4.945714285714286,黄海
124.0,35.0,30.0,2019,11,0.43,0.4138709677419355,,,103.66666666666667,2.8200000000000003,,,,25.977777777777778,,4.945714285714286,黄海
124.0,35.0,50.0,2019,11,0.41,0.4138709677419355,,,103.66666666666667,2.8200000000000003,,,,25.977777777777778,,4.945714285714286,黄海
124.0,35.0,77.0,2019,11,0.47,0.4138709677419355,,,103.66666666666667,2.8200000000000003,,,,25.977777777777778,,4.945714285714286,黄海
120.5,36.0,2.0,2019,11,0.67,1.2421428571428572,,,157.36363636363637,2.9025,,,,31.4875,,13.75625,黄海
120.5,36.0,5.0,2019,11,0.71,1.2421428571428572,,,157.36363636363637,2.9025,,,,31.4875,,13.75625,黄海
120.5,36.0,10.0,2019,11,0.45,1.2421428571428572,,,157.36363636363637,2.9025,,,,31.4875,,13.75625,黄海
120.5,36.0,20.0,2019,11,0.59,1.2421428571428572,,,157.36363636363637,2.9025,,,,31.4875,,13.75625,黄海
120.5,36.0,27.0,2019,11,0.53,1.2421428571428572,,,157.36363636363637,2.9025,,,,31.4875,,13.75625,黄海
121.0,36.0,2.0,2019,11,0.71,0.7200000000000001,,,172.0,3.336,,,,27.316666666666666,,17.983333333333334,黄海
121.0,36.0,5.0,2019,11,0.79,0.7200000000000001,,,172.0,3.336,,,,27.316666666666666,,17.983333333333334,黄海
121.0,36.0,10.0,2019,11,0.42,0.7200000000000001,,,172.0,3.336,,,,27.316666666666666,,17.983333333333334,黄海
121.0,36.0,20.0,2019,11,0.39,0.7200000000000001,,,172.0,3.336,,,,27.316666666666666,,17.983333333333334,黄海
121.0,36.0,31.0,2019,11,0.35,0.7200000000000001,,,172.0,3.336,,,,27.316666666666666,,17.983333333333334,黄海
121.5,36.0,2.0,2019,11,0.65,0.9263636363636363,,,,2.27,,,,31.919999999999998,,5.915384615384616,黄海
121.5,36.0,5.0,2019,11,0.42,0.9263636363636363,,,,2.27,,,,31.919999999999998,,5.915384615384616,黄海
121.5,36.0,10.0,2019,11,0.37,0.9263636363636363,,,,2.27,,,,31.919999999999998,,5.915384615384616,黄海
121.5,36.0,20.0,2019,11,0.73,0.9263636363636363,,,,2.27,,,,31.919999999999998,,5.915384615384616,黄海
121.5,36.0,35.0,2019,11,0.42,0.9263636363636363,,,,2.27,,,,31.919999999999998,,5.915384615384616,黄海
122.0,36.0,2.0,2019,11,0.5,2.025,,,86.0,2.5666666666666664,,,,31.928571428571427,,6.60625,黄海
122.0,36.0,5.0,2019,11,0.29,2.025,,,86.0,2.5666666666666664,,,,31.928571428571427,,6.60625,黄海
122.0,36.0,10.0,2019,11,0.2,2.025,,,86.0,2.5666666666666664,,,,31.928571428571427,,6.60625,黄海
122.0,36.0,20.0,2019,11,0.3,2.025,,,86.0,2.5666666666666664,,,,31.928571428571427,,6.60625,黄海
122.0,36.0,30.0,2019,11,0.4,2.025,,,86.0,2.5666666666666664,,,,31.928571428571427,,6.60625,黄海
122.0,36.0,39.0,2019,11,0.74,2.025,,,86.0,2.5666666666666664,,,,31.928571428571427,,6.60625,黄海
122.5,36.0,2.0,2019,11,0.29,1.2977638942336143,,,,3.0933333333333333,,,,31.866666666666664,,3.4296296296296296,黄海
122.5,36.0,10.0,2019,11,0.38,1.2977638942336143,,,,3.0933333333333333,,,,31.866666666666664,,3.4296296296296296,黄海
122.5,36.0,20.0,2019,11,0.27,1.2977638942336143,,,,3.0933333333333333,,,,31.866666666666664,,3.4296296296296296,黄海
122.5,36.0,30.0,2019,11,0.51,1.2977638942336143,,,,3.0933333333333333,,,,31.866666666666664,,3.4296296296296296,黄海
122.5,36.0,50.0,2019,11,0.63,1.2977638942336143,,,,3.0933333333333333,,,,31.866666666666664,,3.4296296296296296,黄海
122.5,36.0,58.0,2019,11,0.34,1.2977638942336143,,,,3.0933333333333333,,,,31.866666666666664,,3.4296296296296296,黄海
123.0,36.0,2.0,2019,11,0.76,0.4580952380952381,,,,5.108333333333333,,,,32.0,,1.290909090909091,黄海
123.0,36.0,10.0,2019,11,0.38,0.4580952380952381,,,,5.108333333333333,,,,32.0,,1.290909090909091,黄海
123.0,36.0,20.0,2019,11,0.55,0.4580952380952381,,,,5.108333333333333,,,,32.0,,1.290909090909091,黄海
123.0,36.0,30.0,2019,11,0.5,0.4580952380952381,,,,5.108333333333333,,,,32.0,,1.290909090909091,黄海
123.0,36.0,50.0,2019,11,0.33,0.4580952380952381,,,,5.108333333333333,,,,32.0,,1.290909090909091,黄海
123.0,36.0,65.0,2019,11,0.41,0.4580952380952381,,,,5.108333333333333,,,,32.0,,1.290909090909091,黄海
123.5,36.0,2.0,2019,11,0.62,0.6252773529508001,,,,3.158333333333333,,,,32.13333333333333,,2.261111111111111,黄海
123.5,36.0,10.0,2019,11,0.45,0.6252773529508001,,,,3.158333333333333,,,,32.13333333333333,,2.261111111111111,黄海
123.5,36.0,20.0,2019,11,0.53,0.6252773529508001,,,,3.158333333333333,,,,32.13333333333333,,2.261111111111111,黄海
123.5,36.0,30.0,2019,11,0.56,0.6252773529508001,,,,3.158333333333333,,,,32.13333333333333,,2.261111111111111,黄海
123.5,36.0,50.0,2019,11,0.42,0.6252773529508001,,,,3.158333333333333,,,,32.13333333333333,,2.261111111111111,黄海
123.5,36.0,68.0,2019,11,0.33,0.6252773529508001,,,,3.158333333333333,,,,32.13333333333333,,2.261111111111111,黄海
124.0,36.0,2.0,2019,11,0.64,0.62875,,,117.0,3.736666666666667,,,,28.142857142857142,,9.475,黄海
124.0,36.0,10.0,2019,11,0.55,0.62875,,,117.0,3.736666666666667,,,,28.142857142857142,,9.475,黄海
124.0,36.0,20.0,2019,11,0.48,0.62875,,,117.0,3.736666666666667,,,,28.142857142857142,,9.475,黄海
124.0,36.0,30.0,2019,11,0.78,0.62875,,,117.0,3.736666666666667,,,,28.142857142857142,,9.475,黄海
124.0,36.0,50.0,2019,11,0.48,0.62875,,,117.0,3.736666666666667,,,,28.142857142857142,,9.475,黄海
124.0,36.0,72.0,2019,11,0.23,0.62875,,,117.0,3.736666666666667,,,,28.142857142857142,,9.475,黄海
122.5,32.5,2.0,2019,11,0.29,0.9778571428571429,,,,9.082,,,,31.0,,6.464285714285714,黄海
122.5,32.5,5.0,2019,11,0.26,0.9778571428571429,,,,9.082,,,,31.0,,6.464285714285714,黄海
122.5,32.5,10.0,2019,11,0.23,0.9778571428571429,,,,9.082,,,,31.0,,6.464285714285714,黄海
122.5,32.5,20.0,2019,11,0.34,0.9778571428571429,,,,9.082,,,,31.0,,6.464285714285714,黄海
122.5,32.5,28.0,2019,11,0.66,0.9778571428571429,,,,9.082,,,,31.0,,6.464285714285714,黄海
122.5,32.0,2.0,2019,11,0.43,1.9478346609931687,,,92.33333333333333,16.20111111111111,,,,30.884615384615383,,6.717142857142857,黄海
122.5,32.0,5.0,2019,11,0.39,1.9478346609931687,,,92.33333333333333,16.20111111111111,,,,30.884615384615383,,6.717142857142857,黄海
122.5,32.0,10.0,2019,11,0.66,1.9478346609931687,,,92.33333333333333,16.20111111111111,,,,30.884615384615383,,6.717142857142857,黄海
122.5,32.0,22.0,2019,11,0.49,1.9478346609931687,,,92.33333333333333,16.20111111111111,,,,30.884615384615383,,6.717142857142857,黄海
122.5,31.5,2.0,2019,11,0.34,3.32875,,,98.64285714285714,40.42,,,,30.86315789473684,,17.968421052631577,黄海
122.5,31.5,5.0,2019,11,0.4,3.32875,,,98.64285714285714,40.42,,,,30.86315789473684,,17.968421052631577,黄海
122.5,31.5,10.0,2019,11,0.44,3.32875,,,98.64285714285714,40.42,,,,30.86315789473684,,17.968421052631577,黄海
122.5,31.5,20.0,2019,11,0.39,3.32875,,,98.64285714285714,40.42,,,,30.86315789473684,,17.968421052631577,黄海
122.5,31.5,27.0,2019,11,0.32,3.32875,,,98.64285714285714,40.42,,,,30.86315789473684,,17.968421052631577,黄海
122.5,31.0,2.0,2019,11,0.38,2.4783741119472222,,,112.66666666666667,137.17555555555555,,,,24.446666666666665,,2.542857142857143,黄海
122.5,31.0,5.0,2019,11,0.24,2.4783741119472222,,,112.66666666666667,137.17555555555555,,,,24.446666666666665,,2.542857142857143,黄海
122.5,31.0,12.0,2019,11,0.4,2.4783741119472222,,,112.66666666666667,137.17555555555555,,,,24.446666666666665,,2.542857142857143,黄海
122.5,30.5,2.0,2019,11,0.44,0.6233333333333334,,,72.6,24.221111111111114,,,,29.666666666666668,,19.955555555555556,东海
122.5,30.5,5.0,2019,11,0.4,0.6233333333333334,,,72.6,24.221111111111114,,,,29.666666666666668,,19.955555555555556,东海
122.5,30.5,10.0,2019,11,0.31,0.6233333333333334,,,72.6,24.221111111111114,,,,29.666666666666668,,19.955555555555556,东海
122.5,30.5,24.0,2019,11,0.32,0.6233333333333334,,,72.6,24.221111111111114,,,,29.666666666666668,,19.955555555555556,东海
122.5,30.0,2.0,2019,11,0.3,2.7893486896254682,,,82.16666666666667,16.531666666666666,,,,28.96,,11.38125,东海
122.5,30.0,5.0,2019,11,0.45,2.7893486896254682,,,82.16666666666667,16.531666666666666,,,,28.96,,11.38125,东海
122.5,30.0,10.0,2019,11,0.46,2.7893486896254682,,,82.16666666666667,16.531666666666666,,,,28.96,,11.38125,东海
122.5,30.0,21.0,2019,11,0.31,2.7893486896254682,,,82.16666666666667,16.531666666666666,,,,28.96,,11.38125,东海
123.0,32.5,2.0,2019,11,0.4,0.40800000000000003,,,,11.174000000000001,,,,31.6,,19.919999999999998,黄海
123.0,32.5,5.0,2019,11,0.53,0.40800000000000003,,,,11.174000000000001,,,,31.6,,19.919999999999998,黄海
123.0,32.5,10.0,2019,11,0.8,0.40800000000000003,,,,11.174000000000001,,,,31.6,,19.919999999999998,黄海
123.0,32.5,20.0,2019,11,0.48,0.40800000000000003,,,,11.174000000000001,,,,31.6,,19.919999999999998,黄海
123.0,32.5,30.0,2019,11,0.34,0.40800000000000003,,,,11.174000000000001,,,,31.6,,19.919999999999998,黄海
123.0,32.0,2.0,2019,11,0.42,1.275981626718685,,,94.14285714285714,37.98,,,,32.375,,5.757142857142857,黄海
123.0,32.0,5.0,2019,11,0.35,1.275981626718685,,,94.14285714285714,37.98,,,,32.375,,5.757142857142857,黄海
123.0,32.0,10.0,2019,11,0.38,1.275981626718685,,,94.14285714285714,37.98,,,,32.375,,5.757142857142857,黄海
123.0,32.0,20.0,2019,11,0.2,1.275981626718685,,,94.14285714285714,37.98,,,,32.375,,5.757142857142857,黄海
123.0,32.0,34.0,2019,11,0.11,1.275981626718685,,,94.14285714285714,37.98,,,,32.375,,5.757142857142857,黄海
123.0,31.5,2.0,2019,11,0.21,1.5663307863139824,,,86.0,9.706666666666667,,,,32.32222222222222,,12.253333333333334,黄海
123.0,31.5,5.0,2019,11,0.21,1.5663307863139824,,,86.0,9.706666666666667,,,,32.32222222222222,,12.253333333333334,黄海
123.0,31.5,10.0,2019,11,0.27,1.5663307863139824,,,86.0,9.706666666666667,,,,32.32222222222222,,12.253333333333334,黄海
123.0,31.5,20.0,2019,11,0.38,1.5663307863139824,,,86.0,9.706666666666667,,,,32.32222222222222,,12.253333333333334,黄海
123.0,31.5,30.0,2019,11,0.5,1.5663307863139824,,,86.0,9.706666666666667,,,,32.32222222222222,,12.253333333333334,黄海
123.0,31.0,2.0,2019,11,0.99,3.19089400491272,,,88.16666666666667,17.92705882352941,,,,31.477777777777778,,4.305494505494505,黄海
123.0,31.0,5.0,2019,11,0.79,3.19089400491272,,,88.16666666666667,17.92705882352941,,,,31.477777777777778,,4.305494505494505,黄海
123.0,31.0,10.0,2019,11,1.38,3.19089400491272,,,88.16666666666667,17.92705882352941,,,,31.477777777777778,,4.305494505494505,黄海
123.0,31.0,20.0,2019,11,1.05,3.19089400491272,,,88.16666666666667,17.92705882352941,,,,31.477777777777778,,4.305494505494505,黄海
123.0,31.0,30.0,2019,11,0.61,3.19089400491272,,,88.16666666666667,17.92705882352941,,,,31.477777777777778,,4.305494505494505,黄海
123.0,31.0,45.0,2019,11,0.75,3.19089400491272,,,88.16666666666667,17.92705882352941,,,,31.477777777777778,,4.305494505494505,黄海
123.0,30.5,2.0,2019,11,0.51,1.7931156999999998,,,84.0,11.675714285714287,,,,31.32857142857143,,4.5718749999999995,东海
123.0,30.5,10.0,2019,11,0.56,1.7931156999999998,,,84.0,11.675714285714287,,,,31.32857142857143,,4.5718749999999995,东海
123.0,30.5,20.0,2019,11,0.51,1.7931156999999998,,,84.0,11.675714285714287,,,,31.32857142857143,,4.5718749999999995,东海
123.0,30.5,30.0,2019,11,0.52,1.7931156999999998,,,84.0,11.675714285714287,,,,31.32857142857143,,4.5718749999999995,东海
123.0,30.5,55.0,2019,11,0.57,1.7931156999999998,,,84.0,11.675714285714287,,,,31.32857142857143,,4.5718749999999995,东海
123.0,30.0,2.0,2019,11,0.82,1.857381020966396,,,97.66666666666667,4.4325,,,,32.87777777777777,,10.583333333333334,东海
123.0,30.0,5.0,2019,11,0.78,1.857381020966396,,,97.66666666666667,4.4325,,,,32.87777777777777,,10.583333333333334,东海
123.0,30.0,10.0,2019,11,1.77,1.857381020966396,,,97.66666666666667,4.4325,,,,32.87777777777777,,10.583333333333334,东海
123.0,30.0,20.0,2019,11,1.05,1.857381020966396,,,97.66666666666667,4.4325,,,,32.87777777777777,,10.583333333333334,东海
123.0,30.0,30.0,2019,11,1.55,1.857381020966396,,,97.66666666666667,4.4325,,,,32.87777777777777,,10.583333333333334,东海
123.0,30.0,47.0,2019,11,0.91,1.857381020966396,,,97.66666666666667,4.4325,,,,32.87777777777777,,10.583333333333334,东海
122.064,31.065,2.0,2019,11,0.59,1.1325,,,126.2,67.07000000000001,,,,17.333333333333332,,15.566666666666668,黄海
122.064,31.065,7.0,2019,11,0.53,1.1325,,,126.2,67.07000000000001,,,,17.333333333333332,,15.566666666666668,黄海
122.25,30.95,2.0,2019,11,0.47,0.7136842105263158,,,110.08,67.97631578947369,,,,20.425925925925927,,19.8,东海
122.25,30.95,7.0,2019,11,0.51,0.7136842105263158,,,110.08,67.97631578947369,,,,20.425925925925927,,19.8,东海
122.451,30.838,2.0,2019,11,0.65,0.63,,,92.28571428571429,42.055294117647065,,,,27.658620689655173,,19.010344827586206,东海
122.451,30.838,5.0,2019,11,0.7,0.63,,,92.28571428571429,42.055294117647065,,,,27.658620689655173,,19.010344827586206,东海
122.451,30.838,13.0,2019,11,1.46,0.63,,,92.28571428571429,42.055294117647065,,,,27.658620689655173,,19.010344827586206,东海
122.606,30.732,2.0,2019,11,0.81,0.63,,,92.28571428571429,42.055294117647065,,,,27.658620689655173,,19.010344827586206,东海
122.606,30.732,5.0,2019,11,1.29,0.63,,,92.28571428571429,42.055294117647065,,,,27.658620689655173,,19.010344827586206,东海
122.606,30.732,10.0,2019,11,0.92,0.63,,,92.28571428571429,42.055294117647065,,,,27.658620689655173,,19.010344827586206,东海
122.606,30.732,20.0,2019,11,0.81,0.63,,,92.28571428571429,42.055294117647065,,,,27.658620689655173,,19.010344827586206,东海
122.606,30.732,29.0,2019,11,0.76,0.63,,,92.28571428571429,42.055294117647065,,,,27.658620689655173,,19.010344827586206,东海
122.8,30.592,2.0,2019,11,1.26,0.94,,,103.0,17.29,,,,30.685714285714287,,20.414285714285715,东海
122.8,30.592,5.0,2019,11,1.04,0.94,,,103.0,17.29,,,,30.685714285714287,,20.414285714285715,东海
122.8,30.592,10.0,2019,11,1.15,0.94,,,103.0,17.29,,,,30.685714285714287,,20.414285714285715,东海
122.8,30.592,20.0,2019,11,0.51,0.94,,,103.0,17.29,,,,30.685714285714287,,20.414285714285715,东海
122.8,30.592,34.0,2019,11,0.8,0.94,,,103.0,17.29,,,,30.685714285714287,,20.414285714285715,东海
123.257,30.336,5.0,2017,6,5.61,0.6,,,96.88888888888889,8.540000000000001,,,,31.488888888888887,,22.844444444444445,东海
123.257,30.336,20.0,2017,6,6.21,0.6,,,96.88888888888889,8.540000000000001,,,,31.488888888888887,,22.844444444444445,东海
123.257,30.336,35.0,2017,6,5.44,0.6,,,96.88888888888889,8.540000000000001,,,,31.488888888888887,,22.844444444444445,东海
123.257,30.336,50.0,2017,6,5.3,0.6,,,96.88888888888889,8.540000000000001,,,,31.488888888888887,,22.844444444444445,东海
122.113,32.25,0.5,2017,1,4.18,0.935,,,100.75,13.68875,,,,30.9125,,12.2125,黄海
122.113,32.25,8.9,2017,1,3.02,0.935,,,100.75,13.68875,,,,30.9125,,12.2125,黄海
122.113,32.25,17.3,2017,1,2.85,0.935,,,100.75,13.68875,,,,30.9125,,12.2125,黄海
122.5,32.25,0.5,2017,1,2.98,1.4163636363636363,,,100.57142857142857,10.15,,,,31.292857142857144,,16.7,黄海
122.5,32.25,13.4,2017,1,3.57,1.4163636363636363,,,100.57142857142857,10.15,,,,31.292857142857144,,16.7,黄海
122.5,32.25,26.3,2017,1,2.96,1.4163636363636363,,,100.57142857142857,10.15,,,,31.292857142857144,,16.7,黄海
123.0,32.25,0.5,2017,1,4.3,2.846363636363636,,,100.28571428571429,10.997142857142858,,,,29.885714285714283,,17.714285714285715,黄海
123.0,32.25,16.2,2017,1,3.73,2.846363636363636,,,100.28571428571429,10.997142857142858,,,,29.885714285714283,,17.714285714285715,黄海
123.0,32.25,31.9,2017,1,3.24,2.846363636363636,,,100.28571428571429,10.997142857142858,,,,29.885714285714283,,17.714285714285715,黄海
123.5,32.25,0.5,2017,1,3.94,2.6646411483253587,,,98.64285714285714,8.691428571428572,,,,30.407142857142855,,7.061111111111111,黄海
123.5,32.25,19.6,2017,1,3.15,2.6646411483253587,,,98.64285714285714,8.691428571428572,,,,30.407142857142855,,7.061111111111111,黄海
123.5,32.25,38.7,2017,1,2.99,2.6646411483253587,,,98.64285714285714,8.691428571428572,,,,30.407142857142855,,7.061111111111111,黄海
122.26,31.68,0.6,2017,1,3.41,2.4577044435245416,,,104.8,32.483333333333334,,,,29.26,,11.70952380952381,黄海
122.26,31.68,8.4,2017,1,1.72,2.4577044435245416,,,104.8,32.483333333333334,,,,29.26,,11.70952380952381,黄海
122.26,31.68,16.1,2017,1,2.66,2.4577044435245416,,,104.8,32.483333333333334,,,,29.26,,11.70952380952381,黄海
122.5,31.62,0.5,2017,1,3.61,3.32875,,,98.64285714285714,40.42,,,,30.86315789473684,,17.968421052631577,黄海
122.5,31.62,13.9,2017,1,3.75,3.32875,,,98.64285714285714,40.42,,,,30.86315789473684,,17.968421052631577,黄海
122.5,31.62,27.2,2017,1,4.13,3.32875,,,98.64285714285714,40.42,,,,30.86315789473684,,17.968421052631577,黄海
122.83,31.54,0.5,2017,1,3.98,3.7693472046179792,,,87.6842105263158,28.45052631578947,,,,30.23157894736842,,14.13076923076923,黄海
122.83,31.54,15.8,2017,1,4.55,3.7693472046179792,,,87.6842105263158,28.45052631578947,,,,30.23157894736842,,14.13076923076923,黄海
122.83,31.54,31.1,2017,1,3.12,3.7693472046179792,,,87.6842105263158,28.45052631578947,,,,30.23157894736842,,14.13076923076923,黄海
123.25,31.45,0.5,2017,1,3.82,1.7109090909090907,,,85.07142857142857,11.624285714285715,,,,31.54285714285714,,18.678571428571427,黄海
123.25,31.45,15.7,2017,1,3.92,1.7109090909090907,,,85.07142857142857,11.624285714285715,,,,31.54285714285714,,18.678571428571427,黄海
123.25,31.45,31.0,2017,1,3.6,1.7109090909090907,,,85.07142857142857,11.624285714285715,,,,31.54285714285714,,18.678571428571427,黄海
123.75,31.34,0.5,2017,1,2.35,1.63,,,83.78571428571429,9.218571428571428,,,,31.164285714285715,,19.607142857142858,黄海
123.75,31.34,24.2,2017,1,2.4,1.63,,,83.78571428571429,9.218571428571428,,,,31.164285714285715,,19.607142857142858,黄海
123.75,31.34,47.9,2017,1,3.16,1.63,,,83.78571428571429,9.218571428571428,,,,31.164285714285715,,19.607142857142858,黄海
122.064,31.06,0.5,2017,1,6.12,1.1325,,,126.2,67.07000000000001,,,,17.333333333333332,,15.566666666666668,黄海
122.064,31.06,4.2,2017,1,4.26,1.1325,,,126.2,67.07000000000001,,,,17.333333333333332,,15.566666666666668,黄海
122.37,30.9,0.5,2017,1,3.08,0.7136842105263158,,,110.08,67.97631578947369,,,,20.425925925925927,,19.8,东海
122.37,30.9,5.0,2017,1,2.39,0.7136842105263158,,,110.08,67.97631578947369,,,,20.425925925925927,,19.8,东海
122.37,30.9,9.5,2017,1,2.34,0.7136842105263158,,,110.08,67.97631578947369,,,,20.425925925925927,,19.8,东海
122.66,30.83,0.5,2017,1,3.09,1.3705882352941177,,,86.61290322580645,73.66913043478262,,,,30.648387096774194,,19.258064516129032,东海
122.66,30.83,9.1,2017,1,4.22,1.3705882352941177,,,86.61290322580645,73.66913043478262,,,,30.648387096774194,,19.258064516129032,东海
122.66,30.83,17.8,2017,1,2.85,1.3705882352941177,,,86.61290322580645,73.66913043478262,,,,30.648387096774194,,19.258064516129032,东海
123.0,30.72,0.5,2017,1,1.67,2.3158140797665845,,,77.75,15.098571428571429,,,,32.375,,12.102631578947367,东海
123.0,30.72,24.1,2017,1,2.46,2.3158140797665845,,,77.75,15.098571428571429,,,,32.375,,12.102631578947367,东海
123.0,30.72,47.7,2017,1,2.64,2.3158140797665845,,,77.75,15.098571428571429,,,,32.375,,12.102631578947367,东海
123.5,30.56,0.5,2017,1,1.75,0.7010034305209397,,,76.6,15.427857142857144,,,,33.045,,15.915999999999999,东海
123.5,30.56,28.4,2017,1,2.91,0.7010034305209397,,,76.6,15.427857142857144,,,,33.045,,15.915999999999999,东海
123.5,30.56,56.4,2017,1,2.04,0.7010034305209397,,,76.6,15.427857142857144,,,,33.045,,15.915999999999999,东海
124.0,30.4,0.5,2017,1,1.71,0.7994117647058824,,,85.33333333333333,8.51,,,,32.923809523809524,,20.438095238095237,东海
124.0,30.4,22.7,2017,1,1.92,0.7994117647058824,,,85.33333333333333,8.51,,,,32.923809523809524,,20.438095238095237,东海
124.0,30.4,44.9,2017,1,2.04,0.7994117647058824,,,85.33333333333333,8.51,,,,32.923809523809524,,20.438095238095237,东海
123.0,30.13,0.5,2017,1,3.04,1.5836363636363637,,,87.21428571428571,13.941428571428572,,,,31.75714285714286,,18.885714285714283,东海
123.0,30.13,24.3,2017,1,3.54,1.5836363636363637,,,87.21428571428571,13.941428571428572,,,,31.75714285714286,,18.885714285714283,东海
123.0,30.13,48.0,2017,1,2.16,1.5836363636363637,,,87.21428571428571,13.941428571428572,,,,31.75714285714286,,18.885714285714283,东海
123.5,29.97,0.5,2017,1,4.4,0.9939562976419153,,,82.375,7.284000000000001,,,,32.9875,,12.692307692307692,东海
123.5,29.97,32.8,2017,1,4.5,0.9939562976419153,,,82.375,7.284000000000001,,,,32.9875,,12.692307692307692,东海
123.5,29.97,65.2,2017,1,3.91,0.9939562976419153,,,82.375,7.284000000000001,,,,32.9875,,12.692307692307692,东海
122.37,29.54,0.5,2017,1,3.01,1.1928571428571428,,,94.44444444444444,31.693333333333335,,,,28.533333333333335,,15.866666666666667,东海
122.37,29.54,10.1,2017,1,3.98,1.1928571428571428,,,94.44444444444444,31.693333333333335,,,,28.533333333333335,,15.866666666666667,东海
122.37,29.54,19.8,2017,1,3.53,1.1928571428571428,,,94.44444444444444,31.693333333333335,,,,28.533333333333335,,15.866666666666667,东海
122.62,29.46,0.5,2017,1,3.67,1.6825,,,92.18181818181819,28.973636363636363,,,,31.254545454545454,,12.206666666666667,东海
122.62,29.46,22.0,2017,1,4.35,1.6825,,,92.18181818181819,28.973636363636363,,,,31.254545454545454,,12.206666666666667,东海
122.62,29.46,43.6,2017,1,5.62,1.6825,,,92.18181818181819,28.973636363636363,,,,31.254545454545454,,12.206666666666667,东海
123.0,29.34,0.5,2017,1,8.91,0.48411764705882354,,,79.2,7.768000000000001,,,,33.6,,9.175,东海
123.0,29.34,29.1,2017,1,5.96,0.48411764705882354,,,79.2,7.768000000000001,,,,33.6,,9.175,东海
123.0,29.34,57.7,2017,1,6.66,0.48411764705882354,,,79.2,7.768000000000001,,,,33.6,,9.175,东海
122.25,29.14,0.5,2017,1,2.26,1.1171428571428572,,,98.72727272727273,21.223636363636363,,,,30.172727272727272,,17.481818181818184,东海
122.25,29.14,9.8,2017,1,2.81,1.1171428571428572,,,98.72727272727273,21.223636363636363,,,,30.172727272727272,,17.481818181818184,东海
122.25,29.14,19.2,2017,1,1.71,1.1171428571428572,,,98.72727272727273,21.223636363636363,,,,30.172727272727272,,17.481818181818184,东海
122.5,29.06,0.5,2017,1,3.29,2.81,,,84.5,17.168,,,,32.016666666666666,,11.844444444444443,东海
122.5,29.06,23.5,2017,1,4.03,2.81,,,84.5,17.168,,,,32.016666666666666,,11.844444444444443,东海
122.5,29.06,46.5,2017,1,3.19,2.81,,,84.5,17.168,,,,32.016666666666666,,11.844444444444443,东海
122.75,28.979,0.6,2017,1,6.71,0.49750000000000005,,,78.45454545454545,6.585454545454545,,,,33.57272727272727,,18.62727272727273,东海
122.75,28.979,28.7,2017,1,6.86,0.49750000000000005,,,78.45454545454545,6.585454545454545,,,,33.57272727272727,,18.62727272727273,东海
122.75,28.979,56.9,2017,1,5.65,0.49750000000000005,,,78.45454545454545,6.585454545454545,,,,33.57272727272727,,18.62727272727273,东海
121.1,31.75,0.5,2017,1,0.16,0.926875,,,173.58823529411765,146.26363636363635,,,,0.14117647058823532,,19.405882352941177,黄海
121.1,31.75,7.2,2017,1,1.35,0.926875,,,173.58823529411765,146.26363636363635,,,,0.14117647058823532,,19.405882352941177,黄海
121.1,31.75,14.0,2017,1,1.84,0.926875,,,173.58823529411765,146.26363636363635,,,,0.14117647058823532,,19.405882352941177,黄海
121.31,31.57,0.5,2017,1,0.001,0.925,,,171.0,119.57363636363635,,,,0.1375,,20.08125,黄海
121.31,31.57,9.7,2017,1,0.001,0.925,,,171.0,119.57363636363635,,,,0.1375,,20.08125,黄海
121.31,31.57,18.9,2017,1,0.13,0.925,,,171.0,119.57363636363635,,,,0.1375,,20.08125,黄海
121.54,31.4,0.5,2017,1,0.001,0.9076923076923078,,,152.80645161290323,171.2757142857143,,,,0.14193548387096774,,21.138709677419353,黄海
121.54,31.4,5.6,2017,1,0.24,0.9076923076923078,,,152.80645161290323,171.2757142857143,,,,0.14193548387096774,,21.138709677419353,黄海
121.54,31.4,10.8,2017,1,0.48,0.9076923076923078,,,152.80645161290323,171.2757142857143,,,,0.14193548387096774,,21.138709677419353,黄海
121.78,31.24,0.5,2017,1,3.26,0.9949999999999999,,,192.33333333333334,141.20153846153846,,,,0.3047619047619048,,17.50952380952381,黄海
121.78,31.24,4.8,2017,1,3.02,0.9949999999999999,,,192.33333333333334,141.20153846153846,,,,0.3047619047619048,,17.50952380952381,黄海
121.78,31.24,9.1,2017,1,4.38,0.9949999999999999,,,192.33333333333334,141.20153846153846,,,,0.3047619047619048,,17.50952380952381,黄海
122.113,32.25,1.5,2017,4,5.41,0.935,,,100.75,13.68875,,,,30.9125,,12.2125,黄海
122.113,32.25,8.7,2017,4,6.04,0.935,,,100.75,13.68875,,,,30.9125,,12.2125,黄海
122.113,32.25,15.3,2017,4,4.96,0.935,,,100.75,13.68875,,,,30.9125,,12.2125,黄海
122.5,32.25,1.5,2017,4,5.11,1.4163636363636363,,,100.57142857142857,10.15,,,,31.292857142857144,,16.7,黄海
122.5,32.25,14.7,2017,4,5.37,1.4163636363636363,,,100.57142857142857,10.15,,,,31.292857142857144,,16.7,黄海
122.5,32.25,28.0,2017,4,6.5,1.4163636363636363,,,100.57142857142857,10.15,,,,31.292857142857144,,16.7,黄海
123.0,32.25,1.5,2017,4,4.86,2.846363636363636,,,100.28571428571429,10.997142857142858,,,,29.885714285714283,,17.714285714285715,黄海
123.0,32.25,17.2,2017,4,5.71,2.846363636363636,,,100.28571428571429,10.997142857142858,,,,29.885714285714283,,17.714285714285715,黄海
123.0,32.25,33.6,2017,4,6.54,2.846363636363636,,,100.28571428571429,10.997142857142858,,,,29.885714285714283,,17.714285714285715,黄海
123.5,32.25,1.5,2017,4,6.01,2.6646411483253587,,,98.64285714285714,8.691428571428572,,,,30.407142857142855,,7.061111111111111,黄海
123.5,32.25,19.3,2017,4,6.75,2.6646411483253587,,,98.64285714285714,8.691428571428572,,,,30.407142857142855,,7.061111111111111,黄海
123.5,32.25,38.5,2017,4,7.17,2.6646411483253587,,,98.64285714285714,8.691428571428572,,,,30.407142857142855,,7.061111111111111,黄海
122.26,31.68,1.5,2017,4,2.16,2.4577044435245416,,,104.8,32.483333333333334,,,,29.26,,11.70952380952381,黄海
122.26,31.68,8.4,2017,4,2.29,2.4577044435245416,,,104.8,32.483333333333334,,,,29.26,,11.70952380952381,黄海
122.26,31.68,14.2,2017,4,4.11,2.4577044435245416,,,104.8,32.483333333333334,,,,29.26,,11.70952380952381,黄海
122.5,31.62,1.5,2017,4,2.45,3.32875,,,98.64285714285714,40.42,,,,30.86315789473684,,17.968421052631577,黄海
122.5,31.62,13.8,2017,4,3.76,3.32875,,,98.64285714285714,40.42,,,,30.86315789473684,,17.968421052631577,黄海
122.5,31.62,27.3,2017,4,3.89,3.32875,,,98.64285714285714,40.42,,,,30.86315789473684,,17.968421052631577,黄海
122.83,31.54,1.5,2017,4,4.06,3.7693472046179792,,,87.6842105263158,28.45052631578947,,,,30.23157894736842,,14.13076923076923,黄海
122.83,31.54,17.3,2017,4,3.39,3.7693472046179792,,,87.6842105263158,28.45052631578947,,,,30.23157894736842,,14.13076923076923,黄海
122.83,31.54,32.6,2017,4,3.94,3.7693472046179792,,,87.6842105263158,28.45052631578947,,,,30.23157894736842,,14.13076923076923,黄海
123.25,31.45,1.5,2017,4,3.39,1.7109090909090907,,,85.07142857142857,11.624285714285715,,,,31.54285714285714,,18.678571428571427,黄海
123.25,31.45,17.1,2017,4,3.94,1.7109090909090907,,,85.07142857142857,11.624285714285715,,,,31.54285714285714,,18.678571428571427,黄海
123.25,31.45,33.7,2017,4,4.28,1.7109090909090907,,,85.07142857142857,11.624285714285715,,,,31.54285714285714,,18.678571428571427,黄海
123.75,31.34,1.5,2017,4,4.0,1.63,,,83.78571428571429,9.218571428571428,,,,31.164285714285715,,19.607142857142858,黄海
123.75,31.34,24.8,2017,4,3.74,1.63,,,83.78571428571429,9.218571428571428,,,,31.164285714285715,,19.607142857142858,黄海
123.75,31.34,49.7,2017,4,4.13,1.63,,,83.78571428571429,9.218571428571428,,,,31.164285714285715,,19.607142857142858,黄海
122.064,31.06,1.1,2017,4,2.97,1.1325,,,126.2,67.07000000000001,,,,17.333333333333332,,15.566666666666668,黄海
122.064,31.06,3.8,2017,4,2.35,1.1325,,,126.2,67.07000000000001,,,,17.333333333333332,,15.566666666666668,黄海
122.064,31.06,6.9,2017,4,2.71,1.1325,,,126.2,67.07000000000001,,,,17.333333333333332,,15.566666666666668,黄海
122.37,30.9,1.5,2017,4,2.05,0.7136842105263158,,,110.08,67.97631578947369,,,,20.425925925925927,,19.8,东海
122.37,30.9,7.0,2017,4,2.72,0.7136842105263158,,,110.08,67.97631578947369,,,,20.425925925925927,,19.8,东海
122.37,30.9,12.3,2017,4,2.94,0.7136842105263158,,,110.08,67.97631578947369,,,,20.425925925925927,,19.8,东海
122.66,30.83,1.5,2017,4,4.94,1.3705882352941177,,,86.61290322580645,73.66913043478262,,,,30.648387096774194,,19.258064516129032,东海
122.66,30.83,10.7,2017,4,6.22,1.3705882352941177,,,86.61290322580645,73.66913043478262,,,,30.648387096774194,,19.258064516129032,东海
122.66,30.83,20.2,2017,4,5.82,1.3705882352941177,,,86.61290322580645,73.66913043478262,,,,30.648387096774194,,19.258064516129032,东海
123.0,30.72,1.5,2017,4,7.92,2.3158140797665845,,,77.75,15.098571428571429,,,,32.375,,12.102631578947367,东海
123.0,30.72,24.7,2017,4,8.31,2.3158140797665845,,,77.75,15.098571428571429,,,,32.375,,12.102631578947367,东海
123.0,30.72,48.2,2017,4,7.75,2.3158140797665845,,,77.75,15.098571428571429,,,,32.375,,12.102631578947367,东海
123.5,30.56,1.5,2017,4,8.7,0.7010034305209397,,,76.6,15.427857142857144,,,,33.045,,15.915999999999999,东海
123.5,30.56,28.2,2017,4,7.71,0.7010034305209397,,,76.6,15.427857142857144,,,,33.045,,15.915999999999999,东海
123.5,30.56,56.5,2017,4,8.78,0.7010034305209397,,,76.6,15.427857142857144,,,,33.045,,15.915999999999999,东海
124.0,30.4,1.5,2017,4,6.41,0.7994117647058824,,,85.33333333333333,8.51,,,,32.923809523809524,,20.438095238095237,东海
124.0,30.4,24.4,2017,4,7.86,0.7994117647058824,,,85.33333333333333,8.51,,,,32.923809523809524,,20.438095238095237,东海
124.0,30.4,48.9,2017,4,7.72,0.7994117647058824,,,85.33333333333333,8.51,,,,32.923809523809524,,20.438095238095237,东海
122.5,30.28,1.5,2017,4,3.91,1.3711764705882354,,,84.66666666666667,40.471111111111114,,,,28.066666666666666,,10.721052631578948,东海
122.5,30.28,10.5,2017,4,4.09,1.3711764705882354,,,84.66666666666667,40.471111111111114,,,,28.066666666666666,,10.721052631578948,东海
122.5,30.28,19.8,2017,4,4.7,1.3711764705882354,,,84.66666666666667,40.471111111111114,,,,28.066666666666666,,10.721052631578948,东海
123.0,30.13,1.5,2017,4,6.19,1.5836363636363637,,,87.21428571428571,13.941428571428572,,,,31.75714285714286,,18.885714285714283,东海
123.0,30.13,27.1,2017,4,7.14,1.5836363636363637,,,87.21428571428571,13.941428571428572,,,,31.75714285714286,,18.885714285714283,东海
123.0,30.13,53.5,2017,4,6.16,1.5836363636363637,,,87.21428571428571,13.941428571428572,,,,31.75714285714286,,18.885714285714283,东海
123.5,29.97,1.6,2017,4,5.81,0.9939562976419153,,,82.375,7.284000000000001,,,,32.9875,,12.692307692307692,东海
123.5,29.97,35.0,2017,4,5.65,0.9939562976419153,,,82.375,7.284000000000001,,,,32.9875,,12.692307692307692,东海
123.5,29.97,70.0,2017,4,6.26,0.9939562976419153,,,82.375,7.284000000000001,,,,32.9875,,12.692307692307692,东海
122.37,29.54,1.5,2017,4,4.38,1.1928571428571428,,,94.44444444444444,31.693333333333335,,,,28.533333333333335,,15.866666666666667,东海
122.37,29.54,8.9,2017,4,4.27,1.1928571428571428,,,94.44444444444444,31.693333333333335,,,,28.533333333333335,,15.866666666666667,东海
122.37,29.54,17.2,2017,4,3.85,1.1928571428571428,,,94.44444444444444,31.693333333333335,,,,28.533333333333335,,15.866666666666667,东海
122.62,29.46,1.5,2017,4,6.68,1.6825,,,92.18181818181819,28.973636363636363,,,,31.254545454545454,,12.206666666666667,东海
122.62,29.46,22.7,2017,4,6.3,1.6825,,,92.18181818181819,28.973636363636363,,,,31.254545454545454,,12.206666666666667,东海
122.62,29.46,45.4,2017,4,6.01,1.6825,,,92.18181818181819,28.973636363636363,,,,31.254545454545454,,12.206666666666667,东海
123.0,29.34,1.5,2017,4,6.46,0.48411764705882354,,,79.2,7.768000000000001,,,,33.6,,9.175,东海
123.0,29.34,30.2,2017,4,6.65,0.48411764705882354,,,79.2,7.768000000000001,,,,33.6,,9.175,东海
123.0,29.34,53.0,2017,4,5.86,0.48411764705882354,,,79.2,7.768000000000001,,,,33.6,,9.175,东海
122.25,29.14,1.5,2017,4,3.78,1.1171428571428572,,,98.72727272727273,21.223636363636363,,,,30.172727272727272,,17.481818181818184,东海
122.25,29.14,9.7,2017,4,6.26,1.1171428571428572,,,98.72727272727273,21.223636363636363,,,,30.172727272727272,,17.481818181818184,东海
122.25,29.14,19.5,2017,4,6.67,1.1171428571428572,,,98.72727272727273,21.223636363636363,,,,30.172727272727272,,17.481818181818184,东海
122.5,29.06,1.5,2017,4,5.28,2.81,,,84.5,17.168,,,,32.016666666666666,,11.844444444444443,东海
122.5,29.06,28.6,2017,4,6.43,2.81,,,84.5,17.168,,,,32.016666666666666,,11.844444444444443,东海
122.5,29.06,49.2,2017,4,4.89,2.81,,,84.5,17.168,,,,32.016666666666666,,11.844444444444443,东海
122.75,28.979,1.5,2017,4,13.82,0.49750000000000005,,,78.45454545454545,6.585454545454545,,,,33.57272727272727,,18.62727272727273,东海
122.75,28.979,30.6,2017,4,5.88,0.49750000000000005,,,78.45454545454545,6.585454545454545,,,,33.57272727272727,,18.62727272727273,东海
122.75,28.979,61.2,2017,4,6.28,0.49750000000000005,,,78.45454545454545,6.585454545454545,,,,33.57272727272727,,18.62727272727273,东海
121.1,31.75,1.4,2017,4,0.001,0.926875,,,173.58823529411765,146.26363636363635,,,,0.14117647058823532,,19.405882352941177,黄海
121.1,31.75,5.8,2017,4,0.14,0.926875,,,173.58823529411765,146.26363636363635,,,,0.14117647058823532,,19.405882352941177,黄海
121.1,31.75,11.4,2017,4,0.001,0.926875,,,173.58823529411765,146.26363636363635,,,,0.14117647058823532,,19.405882352941177,黄海
121.31,31.57,1.7,2017,4,0.16,0.925,,,171.0,119.57363636363635,,,,0.1375,,20.08125,黄海
121.31,31.57,10.5,2017,4,0.28,0.925,,,171.0,119.57363636363635,,,,0.1375,,20.08125,黄海
121.31,31.57,20.5,2017,4,0.21,0.925,,,171.0,119.57363636363635,,,,0.1375,,20.08125,黄海
121.54,31.4,1.1,2017,4,0.001,0.9076923076923078,,,152.80645161290323,171.2757142857143,,,,0.14193548387096774,,21.138709677419353,黄海
121.54,31.4,6.8,2017,4,0.001,0.9076923076923078,,,152.80645161290323,171.2757142857143,,,,0.14193548387096774,,21.138709677419353,黄海
121.54,31.4,12.8,2017,4,0.001,0.9076923076923078,,,152.80645161290323,171.2757142857143,,,,0.14193548387096774,,21.138709677419353,黄海
121.78,31.24,1.3,2017,4,0.37,0.9949999999999999,,,192.33333333333334,141.20153846153846,,,,0.3047619047619048,,17.50952380952381,黄海
121.78,31.24,5.0,2017,4,0.42,0.9949999999999999,,,192.33333333333334,141.20153846153846,,,,0.3047619047619048,,17.50952380952381,黄海
121.78,31.24,9.9,2017,4,0.65,0.9949999999999999,,,192.33333333333334,141.20153846153846,,,,0.3047619047619048,,17.50952380952381,黄海
122.25,32.25,3.0,2017,6,7.22,2.766,,,103.0,12.20142857142857,,,,30.75714285714286,,21.814285714285717,黄海
122.25,32.25,8.0,2017,6,7.36,2.766,,,103.0,12.20142857142857,,,,30.75714285714286,,21.814285714285717,黄海
122.25,32.25,14.0,2017,6,7.21,2.766,,,103.0,12.20142857142857,,,,30.75714285714286,,21.814285714285717,黄海
122.5,32.25,3.0,2017,6,4.79,1.4163636363636363,,,100.57142857142857,10.15,,,,31.292857142857144,,16.7,黄海
122.5,32.25,14.0,2017,6,8.02,1.4163636363636363,,,100.57142857142857,10.15,,,,31.292857142857144,,16.7,黄海
122.5,32.25,26.0,2017,6,8.52,1.4163636363636363,,,100.57142857142857,10.15,,,,31.292857142857144,,16.7,黄海
123.0,32.25,3.0,2017,6,7.62,2.846363636363636,,,100.28571428571429,10.997142857142858,,,,29.885714285714283,,17.714285714285715,黄海
123.0,32.25,16.5,2017,6,11.34,2.846363636363636,,,100.28571428571429,10.997142857142858,,,,29.885714285714283,,17.714285714285715,黄海
123.0,32.25,31.0,2017,6,11.2,2.846363636363636,,,100.28571428571429,10.997142857142858,,,,29.885714285714283,,17.714285714285715,黄海
123.5,32.25,3.0,2017,6,7.12,2.6646411483253587,,,98.64285714285714,8.691428571428572,,,,30.407142857142855,,7.061111111111111,黄海
123.5,32.25,18.5,2017,6,6.27,2.6646411483253587,,,98.64285714285714,8.691428571428572,,,,30.407142857142855,,7.061111111111111,黄海
123.5,32.25,35.0,2017,6,5.58,2.6646411483253587,,,98.64285714285714,8.691428571428572,,,,30.407142857142855,,7.061111111111111,黄海
122.26,31.68,3.0,2017,6,3.25,2.4577044435245416,,,104.8,32.483333333333334,,,,29.26,,11.70952380952381,黄海
122.26,31.68,8.0,2017,6,4.15,2.4577044435245416,,,104.8,32.483333333333334,,,,29.26,,11.70952380952381,黄海
122.26,31.68,14.0,2017,6,4.2,2.4577044435245416,,,104.8,32.483333333333334,,,,29.26,,11.70952380952381,黄海
122.5,31.62,3.0,2017,6,2.76,3.32875,,,98.64285714285714,40.42,,,,30.86315789473684,,17.968421052631577,黄海
122.5,31.62,13.5,2017,6,3.96,3.32875,,,98.64285714285714,40.42,,,,30.86315789473684,,17.968421052631577,黄海
122.5,31.62,25.0,2017,6,4.14,3.32875,,,98.64285714285714,40.42,,,,30.86315789473684,,17.968421052631577,黄海
122.83,31.54,3.0,2017,6,4.23,3.7693472046179792,,,87.6842105263158,28.45052631578947,,,,30.23157894736842,,14.13076923076923,黄海
122.83,31.54,16.6,2017,6,4.96,3.7693472046179792,,,87.6842105263158,28.45052631578947,,,,30.23157894736842,,14.13076923076923,黄海
122.83,31.54,31.0,2017,6,5.29,3.7693472046179792,,,87.6842105263158,28.45052631578947,,,,30.23157894736842,,14.13076923076923,黄海
123.25,31.45,3.0,2017,6,3.45,1.7109090909090907,,,85.07142857142857,11.624285714285715,,,,31.54285714285714,,18.678571428571427,黄海
123.25,31.45,17.0,2017,6,4.61,1.7109090909090907,,,85.07142857142857,11.624285714285715,,,,31.54285714285714,,18.678571428571427,黄海
123.25,31.45,32.0,2017,6,4.78,1.7109090909090907,,,85.07142857142857,11.624285714285715,,,,31.54285714285714,,18.678571428571427,黄海
123.75,31.34,3.0,2017,6,7.67,1.63,,,83.78571428571429,9.218571428571428,,,,31.164285714285715,,19.607142857142858,黄海
123.75,31.34,24.5,2017,6,5.31,1.63,,,83.78571428571429,9.218571428571428,,,,31.164285714285715,,19.607142857142858,黄海
123.75,31.34,46.3,2017,6,4.94,1.63,,,83.78571428571429,9.218571428571428,,,,31.164285714285715,,19.607142857142858,黄海
122.064,31.06,3.0,2017,6,0.21,1.1325,,,126.2,67.07000000000001,,,,17.333333333333332,,15.566666666666668,黄海
122.064,31.06,6.0,2017,6,1.33,1.1325,,,126.2,67.07000000000001,,,,17.333333333333332,,15.566666666666668,黄海
122.37,30.9,3.0,2017,6,4.69,0.7136842105263158,,,110.08,67.97631578947369,,,,20.425925925925927,,19.8,东海
122.37,30.9,6.5,2017,6,4.86,0.7136842105263158,,,110.08,67.97631578947369,,,,20.425925925925927,,19.8,东海
122.37,30.9,11.0,2017,6,4.77,0.7136842105263158,,,110.08,67.97631578947369,,,,20.425925925925927,,19.8,东海
122.66,30.83,3.0,2017,6,4.8,1.3705882352941177,,,86.61290322580645,73.66913043478262,,,,30.648387096774194,,19.258064516129032,东海
122.66,30.83,10.0,2017,6,5.18,1.3705882352941177,,,86.61290322580645,73.66913043478262,,,,30.648387096774194,,19.258064516129032,东海
122.66,30.83,18.0,2017,6,5.6,1.3705882352941177,,,86.61290322580645,73.66913043478262,,,,30.648387096774194,,19.258064516129032,东海
123.0,30.72,3.1,2017,6,5.96,2.3158140797665845,,,77.75,15.098571428571429,,,,32.375,,12.102631578947367,东海
123.0,30.72,23.0,2017,6,7.15,2.3158140797665845,,,77.75,15.098571428571429,,,,32.375,,12.102631578947367,东海
123.0,30.72,44.1,2017,6,7.44,2.3158140797665845,,,77.75,15.098571428571429,,,,32.375,,12.102631578947367,东海
123.5,30.56,3.0,2017,6,7.33,0.7010034305209397,,,76.6,15.427857142857144,,,,33.045,,15.915999999999999,东海
123.5,30.56,27.0,2017,6,6.72,0.7010034305209397,,,76.6,15.427857142857144,,,,33.045,,15.915999999999999,东海
123.5,30.56,52.0,2017,6,7.05,0.7010034305209397,,,76.6,15.427857142857144,,,,33.045,,15.915999999999999,东海
122.5,30.28,3.0,2017,6,4.58,1.3711764705882354,,,84.66666666666667,40.471111111111114,,,,28.066666666666666,,10.721052631578948,东海
122.5,30.28,9.5,2017,6,4.1,1.3711764705882354,,,84.66666666666667,40.471111111111114,,,,28.066666666666666,,10.721052631578948,东海
122.5,30.28,17.0,2017,6,4.22,1.3711764705882354,,,84.66666666666667,40.471111111111114,,,,28.066666666666666,,10.721052631578948,东海
123.0,30.13,3.0,2017,6,9.13,1.5836363636363637,,,87.21428571428571,13.941428571428572,,,,31.75714285714286,,18.885714285714283,东海
123.0,30.13,25.0,2017,6,5.1,1.5836363636363637,,,87.21428571428571,13.941428571428572,,,,31.75714285714286,,18.885714285714283,东海
123.0,30.13,48.0,2017,6,4.57,1.5836363636363637,,,87.21428571428571,13.941428571428572,,,,31.75714285714286,,18.885714285714283,东海
123.5,29.97,3.0,2017,6,5.0,0.9939562976419153,,,82.375,7.284000000000001,,,,32.9875,,12.692307692307692,东海
123.5,29.97,34.1,2017,6,4.79,0.9939562976419153,,,82.375,7.284000000000001,,,,32.9875,,12.692307692307692,东海
123.5,29.97,66.0,2017,6,4.71,0.9939562976419153,,,82.375,7.284000000000001,,,,32.9875,,12.692307692307692,东海
121.1,31.75,3.0,2017,6,0.001,0.926875,,,173.58823529411765,146.26363636363635,,,,0.14117647058823532,,19.405882352941177,黄海
121.1,31.75,7.0,2017,6,0.001,0.926875,,,173.58823529411765,146.26363636363635,,,,0.14117647058823532,,19.405882352941177,黄海
121.31,31.57,3.0,2017,6,0.13,0.925,,,171.0,119.57363636363635,,,,0.1375,,20.08125,黄海
121.31,31.57,9.5,2017,6,0.16,0.925,,,171.0,119.57363636363635,,,,0.1375,,20.08125,黄海
121.31,31.57,17.0,2017,6,0.12,0.925,,,171.0,119.57363636363635,,,,0.1375,,20.08125,黄海
121.54,31.4,3.0,2017,6,0.001,0.9076923076923078,,,152.80645161290323,171.2757142857143,,,,0.14193548387096774,,21.138709677419353,黄海
121.54,31.4,8.0,2017,6,0.001,0.9076923076923078,,,152.80645161290323,171.2757142857143,,,,0.14193548387096774,,21.138709677419353,黄海
121.54,31.4,14.0,2017,6,0.25,0.9076923076923078,,,152.80645161290323,171.2757142857143,,,,0.14193548387096774,,21.138709677419353,黄海
121.78,31.24,3.0,2017,6,0.26,0.9949999999999999,,,192.33333333333334,141.20153846153846,,,,0.3047619047619048,,17.50952380952381,黄海
121.78,31.24,6.0,2017,6,0.15,0.9949999999999999,,,192.33333333333334,141.20153846153846,,,,0.3047619047619048,,17.50952380952381,黄海
121.78,31.24,10.0,2017,6,0.22,0.9949999999999999,,,192.33333333333334,141.20153846153846,,,,0.3047619047619048,,17.50952380952381,黄海
122.12,32.25,2.0,2016,7,3.59,0.935,,,100.75,13.68875,,,,30.9125,,12.2125,黄海
122.25,32.25,2.0,2016,7,4.32,2.766,,,103.0,12.20142857142857,,,,30.75714285714286,,21.814285714285717,黄海
122.49,32.25,2.0,2016,7,4.34,1.4163636363636363,,,100.57142857142857,10.15,,,,31.292857142857144,,16.7,黄海
122.74,32.25,2.0,2016,7,4.6,5.185,,,97.0,7.035,,,,29.35,,15.95,黄海
123.0,32.24,2.0,2016,7,3.02,2.846363636363636,,,100.28571428571429,10.997142857142858,,,,29.885714285714283,,17.714285714285715,黄海
123.25,32.25,2.0,2016,7,3.13,5.265,,,98.8,8.756,,,,28.02,,22.14,黄海
123.5,32.25,2.0,2016,7,2.76,2.6646411483253587,,,98.64285714285714,8.691428571428572,,,,30.407142857142855,,7.061111111111111,黄海
123.74,32.25,2.0,2016,7,8.2,5.96688995215311,,,110.0,8.8,,,,25.8,,2.5636363636363635,黄海
123.99,32.25,2.0,2016,7,4.38,2.242,,,114.0,3.76,,,,26.3,,5.5200000000000005,黄海
122.25,31.95,2.0,2016,7,4.45,3.746,,,95.2,17.77,,,,24.380000000000003,,13.525,黄海
122.51,31.91,2.0,2016,7,5.16,1.9478346609931687,,,92.33333333333333,16.20111111111111,,,,30.884615384615383,,6.717142857142857,黄海
122.75,31.88,2.0,2016,7,3.14,6.945,,,91.8,14.559999999999999,,,,28.639999999999997,,21.5,黄海
123.0,31.85,2.0,2016,7,2.79,6.917142857142857,,,90.8,10.856,,,,29.360000000000003,,10.9,黄海
123.25,31.8,2.0,2016,7,1.8,4.795,,,89.8,7.052,,,,27.540000000000003,,22.56,黄海
123.76,31.79,2.0,2016,7,3.62,1.19,,,106.0,15.26,,,,22.5,,29.4,黄海
124.0,31.72,2.0,2016,7,3.28,1.25,,,106.0,16.96,,,,23.6,,29.4,黄海
122.26,31.67,2.0,2016,7,3.17,2.4577044435245416,,,104.8,32.483333333333334,,,,29.26,,11.70952380952381,黄海
122.37,31.64,2.0,2016,7,3.3,2.4577044435245416,,,104.8,32.483333333333334,,,,29.26,,11.70952380952381,黄海
122.51,31.62,2.0,2016,7,3.48,3.32875,,,98.64285714285714,40.42,,,,30.86315789473684,,17.968421052631577,黄海
122.66,31.59,2.0,2016,7,0.41,3.7693472046179792,,,87.6842105263158,28.45052631578947,,,,30.23157894736842,,14.13076923076923,黄海
122.84,31.55,2.0,2016,7,0.35,3.7693472046179792,,,87.6842105263158,28.45052631578947,,,,30.23157894736842,,14.13076923076923,黄海
123.25,31.45,2.0,2016,7,1.84,1.7109090909090907,,,85.07142857142857,11.624285714285715,,,,31.54285714285714,,18.678571428571427,黄海
123.5,31.39,2.0,2016,7,1.23,2.9098093800124847,,,92.125,30.08125,,,,30.6625,,12.313333333333334,黄海
123.75,31.34,2.0,2016,7,2.51,1.63,,,83.78571428571429,9.218571428571428,,,,31.164285714285715,,19.607142857142858,黄海
124.0,31.28,2.0,2016,7,2.58,0.6214285714285716,,253.1833333333333,90.0,6.84,0.14333333333333334,0.47500000000000003,,33.039941176470585,14.299999999999999,16.627294117647057,黄海
122.37,31.34,2.0,2016,7,1.75,0.705,,,138.2,107.47200000000001,,,,15.820000000000002,,19.14,黄海
122.5,31.31,2.0,2016,7,0.98,2.0134883904545453,,,100.07692307692308,47.63,,,,26.54615384615385,,12.263157894736842,黄海
122.67,31.26,2.0,2016,7,2.58,2.5208831252761903,,,82.64285714285714,19.80857142857143,,,,28.964285714285715,,12.140909090909092,黄海
122.82,31.2,2.0,2016,7,2.91,2.5208831252761903,,,82.64285714285714,19.80857142857143,,,,28.964285714285715,,12.140909090909092,黄海
123.25,31.07,2.0,2016,7,2.71,1.4026666666666665,,,86.5,18.195,,,,27.85,,2.646666666666667,黄海
123.5,31.0,2.0,2016,7,3.07,1.5917495810516287,,,84.0,9.806000000000001,,,,31.46666666666667,,3.1,黄海
123.75,30.92,2.0,2016,7,3.78,0.83,,,108.0,18.79,,,,26.5,,28.8,东海
124.0,30.85,2.0,2016,7,2.61,0.6950000000000001,,,120.0,21.09,,,,24.85,,29.75,东海
122.4,31.13,2.0,2016,7,1.91,2.0134883904545453,,,100.07692307692308,47.63,,,,26.54615384615385,,12.263157894736842,黄海
122.48,31.13,2.0,2016,7,1.42,2.0134883904545453,,,100.07692307692308,47.63,,,,26.54615384615385,,12.263157894736842,黄海
122.65,31.06,2.0,2016,7,1.22,2.7771620517623603,,,89.6,28.707142857142856,,,,28.15,,8.032,黄海
122.83,31.0,2.0,2016,7,1.86,2.7771620517623603,,,89.6,28.707142857142856,,,,28.15,,8.032,黄海
123.0,30.94,2.0,2016,7,2.15,3.19089400491272,,,88.16666666666667,17.92705882352941,,,,31.477777777777778,,4.305494505494505,东海
123.5,30.78,2.0,2016,7,2.96,1.4128255126095364,,,73.875,9.818,,,,32.525,,4.186046511627907,东海
123.75,30.71,2.0,2016,7,4.29,0.32,,,99.0,11.06,,,,27.5,,30.6,东海
123.99,30.63,2.0,2016,7,2.89,0.6950000000000001,,,120.0,21.09,,,,24.85,,29.75,东海
122.39,30.9,2.0,2016,7,1.17,2.4783741119472222,,,112.66666666666667,137.17555555555555,,,,24.446666666666665,,2.542857142857143,东海
122.49,30.87,2.0,2016,7,1.17,0.63,,,92.28571428571429,42.055294117647065,,,,27.658620689655173,,19.010344827586206,东海
122.62,30.84,2.0,2016,7,1.48,0.63,,,92.28571428571429,42.055294117647065,,,,27.658620689655173,,19.010344827586206,东海
122.81,30.79,2.0,2016,7,3.7,1.3705882352941177,,,86.61290322580645,73.66913043478262,,,,30.648387096774194,,19.258064516129032,东海
123.0,30.72,2.0,2016,7,3.74,2.3158140797665845,,,77.75,15.098571428571429,,,,32.375,,12.102631578947367,东海
123.25,30.64,2.0,2016,7,2.99,1.73401953930412,,,81.72222222222223,9.713333333333333,,,,32.766666666666666,,16.273913043478263,东海
123.5,30.56,2.0,2016,7,3.58,0.7010034305209397,,,76.6,15.427857142857144,,,,33.045,,15.915999999999999,东海
123.75,30.49,2.0,2016,7,3.23,0.8862309755947285,,,80.2,5.89,,,,32.65333333333333,,11.1,东海
124.0,30.41,2.0,2016,7,3.83,0.7994117647058824,,,85.33333333333333,8.51,,,,32.923809523809524,,20.438095238095237,东海
122.5,30.56,2.0,2016,7,2.42,0.6233333333333334,,,72.6,24.221111111111114,,,,29.666666666666668,,19.955555555555556,东海
122.76,30.49,2.0,2016,7,2.49,0.94,,,103.0,17.29,,,,30.685714285714287,,20.414285714285715,东海
123.0,30.41,2.0,2016,7,2.45,1.7931156999999998,,,84.0,11.675714285714287,,,,31.32857142857143,,4.5718749999999995,东海
123.25,30.33,2.0,2016,7,3.86,0.6,,,96.88888888888889,8.540000000000001,,,,31.488888888888887,,22.844444444444445,东海
123.5,30.26,2.0,2016,7,2.2,1.5507142857142857,,,74.8,6.6739999999999995,,,,32.46,,6.776470588235294,东海
123.75,30.22,2.0,2016,7,4.37,0.825996615712351,,,95.0,15.3,,,,26.0,,5.96,东海
124.0,30.1,2.0,2016,7,4.2,1.0486666666666666,,,96.44444444444444,22.735,,,,32.56666666666667,,10.942857142857143,东海
122.51,30.28,2.0,2016,7,2.49,1.3711764705882354,,,84.66666666666667,40.471111111111114,,,,28.066666666666666,,10.721052631578948,东海
122.75,30.2,2.0,2016,7,3.02,2.1355502392344494,,,97.8,56.186,,,,29.080000000000002,,7.707142857142857,东海
123.0,30.13,2.0,2016,7,2.52,1.5836363636363637,,,87.21428571428571,13.941428571428572,,,,31.75714285714286,,18.885714285714283,东海
123.23,30.06,2.0,2016,7,3.98,0.1,,,89.0,11.79,,,,30.150000000000002,,21.7,东海
123.5,29.97,2.0,2016,7,4.09,0.9939562976419153,,,82.375,7.284000000000001,,,,32.9875,,12.692307692307692,东海
123.75,29.9,2.0,2016,7,4.09,0.4,,,104.0,11.39,,,,27.9,,30.3,东海
124.0,29.82,2.0,2016,7,3.7,0.53,,,104.0,11.09,,,,27.5,,30.6,东海
122.24,30.79,2.0,2016,7,1.44,1.43,,,129.0,96.65,,,,18.033333333333335,,25.666666666666668,东海
122.25,30.61,2.0,2016,7,1.96,1.03,,,118.0,71.9,,,,15.7,,26.7,东海
122.2,31.36,2.0,2016,7,0.14,0.705,,,138.2,107.47200000000001,,,,15.820000000000002,,19.14,黄海
122.122,32.245,2.0,2016,7,4.18,0.935,,,100.75,13.68875,,,,30.9125,,12.2125,黄海
122.245,32.25,2.0,2016,7,3.57,2.766,,,103.0,12.20142857142857,,,,30.75714285714286,,21.814285714285717,黄海
122.495,32.25,2.0,2016,7,2.98,1.4163636363636363,,,100.57142857142857,10.15,,,,31.292857142857144,,16.7,黄海
122.742,32.25,2.0,2016,7,3.78,5.185,,,97.0,7.035,,,,29.35,,15.95,黄海
122.996,32.245,2.0,2016,7,4.3,2.846363636363636,,,100.28571428571429,10.997142857142858,,,,29.885714285714283,,17.714285714285715,黄海
123.244,32.253,2.0,2016,7,3.11,5.265,,,98.8,8.756,,,,28.02,,22.14,黄海
123.494,32.251,2.0,2016,7,3.94,2.6646411483253587,,,98.64285714285714,8.691428571428572,,,,30.407142857142855,,7.061111111111111,黄海
122.261,31.942,2.0,2016,7,3.31,3.746,,,95.2,17.77,,,,24.380000000000003,,13.525,黄海
122.504,31.909,2.0,2016,7,3.94,1.9478346609931687,,,92.33333333333333,16.20111111111111,,,,30.884615384615383,,6.717142857142857,黄海
122.754,31.882,2.0,2016,7,2.8,6.945,,,91.8,14.559999999999999,,,,28.639999999999997,,21.5,黄海
123.004,31.852,2.0,2016,7,3.75,6.917142857142857,,,90.8,10.856,,,,29.360000000000003,,10.9,黄海
123.256,31.811,2.0,2016,7,3.96,4.795,,,89.8,7.052,,,,27.540000000000003,,22.56,黄海
123.496,31.792,2.0,2016,7,3.96,0.5824966693096666,,,95.28571428571429,11.348571428571429,,,,31.75714285714286,,15.559999999999999,黄海
122.263,31.666,2.0,2016,7,3.41,2.4577044435245416,,,104.8,32.483333333333334,,,,29.26,,11.70952380952381,黄海
122.371,31.646,2.0,2016,7,2.87,2.4577044435245416,,,104.8,32.483333333333334,,,,29.26,,11.70952380952381,黄海
122.501,31.625,2.0,2016,7,3.61,3.32875,,,98.64285714285714,40.42,,,,30.86315789473684,,17.968421052631577,黄海
122.663,31.591,2.0,2016,7,5.2,3.7693472046179792,,,87.6842105263158,28.45052631578947,,,,30.23157894736842,,14.13076923076923,黄海
122.827,31.544,2.0,2016,7,3.98,3.7693472046179792,,,87.6842105263158,28.45052631578947,,,,30.23157894736842,,14.13076923076923,黄海
122.996,31.5,2.0,2016,7,4.7,1.5663307863139824,,,86.0,9.706666666666667,,,,32.32222222222222,,12.253333333333334,黄海
123.255,31.446,2.0,2016,7,3.82,1.7109090909090907,,,85.07142857142857,11.624285714285715,,,,31.54285714285714,,18.678571428571427,黄海
123.495,31.391,2.0,2016,7,4.58,2.9098093800124847,,,92.125,30.08125,,,,30.6625,,12.313333333333334,黄海
123.744,31.342,2.0,2016,7,2.35,1.63,,,83.78571428571429,9.218571428571428,,,,31.164285714285715,,19.607142857142858,黄海
123.991,31.284,2.0,2016,7,4.79,0.6214285714285716,,253.1833333333333,90.0,6.84,0.14333333333333334,0.47500000000000003,,33.039941176470585,14.299999999999999,16.627294117647057,黄海
122.361,31.341,2.0,2016,7,3.08,0.705,,,138.2,107.47200000000001,,,,15.820000000000002,,19.14,黄海
122.504,31.309,2.0,2016,7,2.63,2.0134883904545453,,,100.07692307692308,47.63,,,,26.54615384615385,,12.263157894736842,黄海
122.669,31.257,2.0,2016,7,3.19,2.5208831252761903,,,82.64285714285714,19.80857142857143,,,,28.964285714285715,,12.140909090909092,黄海
122.838,31.206,2.0,2016,7,2.47,2.5208831252761903,,,82.64285714285714,19.80857142857143,,,,28.964285714285715,,12.140909090909092,黄海
123.001,31.152,2.0,2016,7,3.96,0.08,,,76.5,9.7225,,,,33.225,,18.9,黄海
123.253,31.07,2.0,2016,7,3.03,1.4026666666666665,,,86.5,18.195,,,,27.85,,2.646666666666667,黄海
123.501,30.999,2.0,2016,7,2.86,1.5917495810516287,,,84.0,9.806000000000001,,,,31.46666666666667,,3.1,东海
122.406,31.133,2.0,2016,7,3.03,2.0134883904545453,,,100.07692307692308,47.63,,,,26.54615384615385,,12.263157894736842,黄海
122.477,31.122,2.0,2016,7,2.85,2.4783741119472222,,,112.66666666666667,137.17555555555555,,,,24.446666666666665,,2.542857142857143,黄海
122.666,31.056,2.0,2016,7,3.15,2.7771620517623603,,,89.6,28.707142857142856,,,,28.15,,8.032,黄海
122.829,31.013,2.0,2016,7,1.88,2.7771620517623603,,,89.6,28.707142857142856,,,,28.15,,8.032,黄海
123.001,30.938,2.0,2016,7,2.94,3.19089400491272,,,88.16666666666667,17.92705882352941,,,,31.477777777777778,,4.305494505494505,东海
123.243,30.864,2.0,2016,7,3.54,1.73401953930412,,,81.72222222222223,9.713333333333333,,,,32.766666666666666,,16.273913043478263,东海
123.491,30.782,2.0,2016,7,3.79,1.4128255126095364,,,73.875,9.818,,,,32.525,,4.186046511627907,东海
122.067,31.055,2.0,2016,7,6.12,1.1325,,,126.2,67.07000000000001,,,,17.333333333333332,,15.566666666666668,黄海
122.253,30.947,2.0,2016,7,5.32,0.7136842105263158,,,110.08,67.97631578947369,,,,20.425925925925927,,19.8,东海
122.377,30.897,2.0,2016,7,3.08,2.4783741119472222,,,112.66666666666667,137.17555555555555,,,,24.446666666666665,,2.542857142857143,东海
122.496,30.871,2.0,2016,7,7.3,0.63,,,92.28571428571429,42.055294117647065,,,,27.658620689655173,,19.010344827586206,东海
122.614,30.842,2.0,2016,7,3.09,0.63,,,92.28571428571429,42.055294117647065,,,,27.658620689655173,,19.010344827586206,东海
122.829,30.781,2.0,2016,7,3.46,1.3705882352941177,,,86.61290322580645,73.66913043478262,,,,30.648387096774194,,19.258064516129032,东海
123.004,30.722,2.0,2016,7,1.67,2.3158140797665845,,,77.75,15.098571428571429,,,,32.375,,12.102631578947367,东海
123.249,30.641,2.0,2016,7,4.59,1.73401953930412,,,81.72222222222223,9.713333333333333,,,,32.766666666666666,,16.273913043478263,东海
123.499,30.561,2.0,2016,7,1.75,0.7010034305209397,,,76.6,15.427857142857144,,,,33.045,,15.915999999999999,东海
123.749,30.489,2.0,2016,7,4.78,0.8862309755947285,,,80.2,5.89,,,,32.65333333333333,,11.1,东海
123.991,30.407,2.0,2016,7,1.71,0.7994117647058824,,,85.33333333333333,8.51,,,,32.923809523809524,,20.438095238095237,东海
122.506,30.558,2.0,2016,7,2.32,0.6233333333333334,,,72.6,24.221111111111114,,,,29.666666666666668,,19.955555555555556,东海
122.751,30.489,2.0,2016,7,3.57,0.94,,,103.0,17.29,,,,30.685714285714287,,20.414285714285715,东海
123.008,30.408,2.0,2016,7,3.86,1.7931156999999998,,,84.0,11.675714285714287,,,,31.32857142857143,,4.5718749999999995,东海
123.255,30.333,2.0,2016,7,1.12,0.6,,,96.88888888888889,8.540000000000001,,,,31.488888888888887,,22.844444444444445,东海
123.504,30.264,2.0,2016,7,5.56,1.5507142857142857,,,74.8,6.6739999999999995,,,,32.46,,6.776470588235294,东海
122.754,30.204,2.0,2016,7,2.58,2.1355502392344494,,,97.8,56.186,,,,29.080000000000002,,7.707142857142857,东海
123.006,30.128,2.0,2016,7,3.04,1.5836363636363637,,,87.21428571428571,13.941428571428572,,,,31.75714285714286,,18.885714285714283,东海
123.254,30.048,2.0,2016,7,3.7,0.1,,,89.0,11.79,,,,30.150000000000002,,21.7,东海
123.499,29.968,2.0,2016,7,4.4,0.9939562976419153,,,82.375,7.284000000000001,,,,32.9875,,12.692307692307692,东海
122.499,29.995,2.0,2016,7,2.15,2.7893486896254682,,,82.16666666666667,16.531666666666666,,,,28.96,,11.38125,东海
122.745,29.922,2.0,2016,7,5.35,1.492477802932464,,,92.6,54.025999999999996,,,,31.179999999999996,,6.2625,东海
122.994,29.852,2.0,2016,7,3.81,0.9231293130502052,,,69.0,9.873333333333333,,,,33.175,,3.358333333333333,东海
123.245,29.775,2.0,2016,7,6.28,0.5,,,71.0,7.72,,,,33.3,,14.5,东海
122.37,29.547,2.0,2016,7,3.01,1.1928571428571428,,,94.44444444444444,31.693333333333335,,,,28.533333333333335,,15.866666666666667,东海
122.493,29.505,2.0,2016,7,5.54,1.6825,,,92.18181818181819,28.973636363636363,,,,31.254545454545454,,12.206666666666667,东海
122.615,29.462,2.0,2016,7,3.67,1.6825,,,92.18181818181819,28.973636363636363,,,,31.254545454545454,,12.206666666666667,东海
122.747,29.422,2.0,2016,7,4.5,0.8465882352941176,,248.04999999999998,89.125,7.7875,0.13,0.4566666666666666,,33.1031,15.983333333333333,17.6834,东海
122.991,29.343,2.0,2016,7,8.91,0.48411764705882354,,,79.2,7.768000000000001,,,,33.6,,9.175,东海
122.254,29.145,2.0,2016,7,2.26,1.1171428571428572,,,98.72727272727273,21.223636363636363,,,,30.172727272727272,,17.481818181818184,东海
122.377,29.1,2.0,2016,7,5.47,2.81,,,84.5,17.168,,,,32.016666666666666,,11.844444444444443,东海
122.505,29.061,2.0,2016,7,3.29,2.81,,,84.5,17.168,,,,32.016666666666666,,11.844444444444443,东海
122.627,29.018,2.0,2016,7,5.23,0.49750000000000005,,,78.45454545454545,6.585454545454545,,,,33.57272727272727,,18.62727272727273,东海
122.752,28.983,2.0,2016,7,6.71,0.49750000000000005,,,78.45454545454545,6.585454545454545,,,,33.57272727272727,,18.62727272727273,东海
121.395,31.534,2.0,2016,7,0.47,0.9076923076923078,,,152.80645161290323,171.2757142857143,,,,0.14193548387096774,,21.138709677419353,黄海
121.49,31.504,2.0,2016,7,2.91,0.9076923076923078,,,152.80645161290323,171.2757142857143,,,,0.14193548387096774,,21.138709677419353,黄海
121.642,31.5,2.0,2016,7,7.53,0.65,,,150.6,231.89600000000002,,,,0.78,,25.6,黄海
121.914,31.367,2.0,2016,7,3.18,0.53625,,,160.08333333333334,146.57222222222222,,,,4.416666666666667,,18.866666666666667,黄海
122.074,31.341,2.0,2016,7,4.23,0.53625,,,160.08333333333334,146.57222222222222,,,,4.416666666666667,,18.866666666666667,黄海
122.203,31.356,2.0,2016,7,4.04,0.705,,,138.2,107.47200000000001,,,,15.820000000000002,,19.14,黄海
121.108,31.748,2.0,2016,7,0.16,0.926875,,,173.58823529411765,146.26363636363635,,,,0.14117647058823532,,19.405882352941177,黄海
121.79,31.243,2.0,2016,7,3.26,0.9949999999999999,,,192.33333333333334,141.20153846153846,,,,0.3047619047619048,,17.50952380952381,黄海
121.911,31.147,2.0,2016,7,18.41,0.53625,,,160.08333333333334,146.57222222222222,,,,4.416666666666667,,18.866666666666667,黄海
